:020000040800F2
:10000000F0160020D50000081D590008C92C000872
:1000100000000000000000000000000000000000E0
:10002000000000000000000000000000C1650008A2
:100030000000000000000000E5610008C365000842
:10004000E7000008E7000008E7000008E7000008F4
:10005000E7000008E7000008E7000008E7000008E4
:10006000E7000008E7000008E7000008E7000008D4
:10007000E7000008E7000008E7000008E7000008C4
:10008000E7000008E70000083D660008E7000008F8
:10009000E7000008E7000008E7000008E7000008A4
:1000A000E7000008E7000008E700000819750008ED
:1000B0002975000839750008E700000804488546DE
:1000C00000F048FC004800472D820008C046C046AA
:1000D000F01600200448804704480047FEE7FEE78A
:1000E000FEE7FEE7FEE7FEE731660008BD00000818
:1000F00030B50B46014600202022012409E00D46C0
:10010000D5409D4205D31D469540491B2546954047
:1001100040191546521E002DF1DC30BDF0B51FB45C
:100120000646002082B005464024019100901BE065
:10013000019922460F46304600F0AAF9049A059B21
:10014000801A994110D310461946224600F090F9C2
:10015000361A8F410197224601200021009F00F0AE
:1001600087F938184D4100902046641E0028DFDCD6
:10017000019B00982946324607B0F0BD10B5431ADE
:10018000934209D28318881803E0401E01785B1E51
:100190001970521EF9D210BD03460B439B0703D0C2
:1001A00009E008C9121F08C0042AFAD203E00B783C
:1001B0000370401C491C521EF9D210BDD2B201E09E
:1001C0000270401C491EFBD270470022F6E710B5B2
:1001D00013460A4604461946FFF7F0FF204610BDB5
:1001E000F8B502464A40D40F42004B0052085B0863
:1001F0009A4202D20246084611464A0023D0C30D55
:100200004A00DDB2120EAD1A202D35DA4902012660
:10021000490AF6058A19002C00D0524220214F1BB2
:100220001146B9402A411018C20D9A4221D0002C23
:1002300017D0012D08DCDA05801AD20F8019D207F9
:10024000DBB200F03EF9F8BDDA05801A0123400068
:100250001B06C01880185A428018CA0F1043490064
:1002600007E04908C2071143DA05801A80194008DF
:10027000801800F01EF9F8BD61000122511A001B20
:10028000F7E70122D2075140AAE70122D2075040E6
:10029000A6E7024670B54A40D30FDB0740002DD0D9
:1002A0004A002AD0010E140E000212020919400A57
:1002B000520A8418E50104465443000A120A2E0427
:1002C0005043A4194219200CC543AA18120C012549
:1002D000AD03521C521912047F39240400D0521C61
:1002E000104301D44000491EC2B20C06C0092018B8
:1002F000401C4008802A02D003E0002070BD400866
:100300004000002900DA0020184370BD70B5024695
:100310004A40D50F40004A00ED0740085208002827
:1003200014D0002A12D0C40DD30D41020120C00503
:100330005202490A520AE41A091812187D349142ED
:1003400001D3641C00E04900002C01DA002070BDDC
:100350000023914201D3891A034340084900002831
:10036000F7D100290AD0914202D10121C90705E045
:10037000914201D2012101E00121C943E005C018E9
:10038000401900F096F870BD420005D04200120EF0
:1003900052428A4201DB00207047C90508187047A5
:1003A000C217C10F504010B54018CA07962300214C
:1003B00000F087F810BD10B500229623114600F01A
:1003C00080F810BDC20F410040020123400ADB0546
:1003D000D207090EC0187F2901DA0020704796293C
:1003E00003DC9623591AC84001E096398840002A58
:1003F000F4D040427047410040020122400AD20539
:10040000090E80187F2901DA00207047962903DC45
:100410009622511AC8407047963988407047C20FDB
:10042000D207400040080BD0C10D0723DB01C918DB
:1004300040020905400A1143C208400711437047B2
:1004400000200146704700000122D207002800DB8F
:10045000101A002900DB511A814270470122D2078D
:10046000002800DB101A002900DB511A884270476F
:1004700010B5202A04DB0146203A9140002010BD2F
:10048000914020239C1A0346E3401943904010BD3D
:1004900010B5202A04DB0846203AD040002110BDC8
:1004A0000B46D340D0402024A21A9140084319465D
:1004B00010BD002904DA401C490001D14008400069
:1004C000704770B40024050C05D11024000402D13B
:1004D000002921D01124050E01D100020834050F96
:1004E00001D10001241D850F01D18000A41C00282A
:1004F00001DB4000641C002908D020252E1B0D467E
:10050000F540A14000D001212943084301061B1BEF
:10051000000ADB1D02D5002070BC7047DB051818EF
:1005200080180029F8DA401C4900F5D170BC400859
:100530004000704770B5002801DC002070BD41000C
:1005400040020126400AF605090E8019CA0701D1AA
:100550004000491E4D10002211463F353346CB4026
:100560009B18D418844201D8001B1A464000491C2D
:100570001729F3DD5100814202D20021C94300E076
:100580000021E8058018FFF794FF70BDF0B507461D
:100590000846584087B0C00F049048000E465900E6
:1005A00040084908BC1A884105D2384631461E46E3
:1005B00017460B4602465800400810434DD0300DF8
:1005C000039040055900400D490D0590401A0290D6
:1005D000402873DA18030121000B09050843019034
:1005E00004980092002806D01146019A4942002042
:1005F000904100910190029840210A1A01990098B7
:10060000FFF736FF05460C466B4607CB00F0B4F902
:10061000C0197141039A0E0D0023D71756401A4690
:100620007A40164344D0049A002A2DD0029A012A17
:10063000039A15DC1205C01A914101263605001CEB
:100640007141D20F059ED2070093019202962A466D
:10065000234600F0B1F907B0F0BD38463146FAE75D
:100660001605234A0F46B218C01AB74101210905E1
:10067000001C4F4100187F41114618187941E20FC4
:1006800010436D19644113E0E2076D0815436408D7
:10069000C2071443039A01261205C01A9141360578
:1006A000001C7141CE07400830434908C018514131
:1006B0002A46234600F073F9CDE7FFE704980122AC
:1006C0004000C117121A00238B4104983146C41709
:1006D000381AA141EEE730B40124E407634030BC8E
:1006E00054E730B40124E407614030BC4EE7000019
:1006F0000000E0FFF0B51FB488B00B990998002402
:1007000048400999C00F490049080991C0070B9951
:100710000090490049080B9109990898A64608439A
:100720001CD00B990A98084318D00998012440005E
:10073000420D4800410D099824050003000B204399
:1007400009900B980003000B20430B9050181C4994
:100750004018002201901446104605E00020014692
:100760000DB0F0BD032801DA034600E003239C46E8
:10077000C11A0AAE0AE05F0008ADED5B4F00F75BFF
:100780007D430027AA187C41491C5B1E6145F2DDB0
:10079000410004AB5A522104120C0A43240C401CA1
:1007A0000828DFDB019802900099704601910090C3
:1007B000059B049A0799069800F0FEF8D0E7000020
:1007C0000DFCFFFFF0B50C465C4085B0E40FE4077C
:1007D00003944C00002664085900944649080246D8
:1007E0000296224321D062460A431ED06200570D72
:1007F0004A000E032303550D012402462C4924050B
:10080000781B1B0B360B4018234326436146009090
:100810001C46501AB44103D30098401C009002E0DB
:10082000921800985B41002803DA0020014605B0C9
:10083000F0BD0020012109050746864611E0644607
:100840001D46141BB54106D36546521BB341744681
:1008500007430C43A646CD07400849082843921891
:100860005B4105460D43EAD11046184313D060465C
:10087000194650407140084306D06046101AB341F3
:1008800006D20122002306E000220123DB0702E05A
:100890000122D2435310009874460105381C61416F
:1008A000029C039D0019694100F079F8BFE7000040
:1008B000FD0300004A0009030123090B1B0519432E
:1008C0000A4B10B5520D9A4202DA0020014610BDC3
:1008D000064B34339A4203DC9A1AFFF7D9FD10BD58
:1008E000034BD218FFF7C4FD10BD0000FF0300004A
:1008F000CDFBFFFF10B5002904DB0124E4074042D3
:100900008C412146002B04DB1C460123DB075242AD
:10091000A341994200D1904210BD000002000B4853
:1009200000D4821A002900DB411A914204D301202D
:100930004007914200D10648EFF300810902090AFD
:10094000020E1206114381F30088704700000080F8
:1009500000000060064C0125064E05E0E36807CC68
:100960002B430C3C98471034B442F7D3FFF7AAFB53
:10097000409000086090000810B5202A06DBCB17D5
:100980000846203A1041C1170B4306E00B461341BD
:10099000D0402024A21A91400843194610BD10B53A
:1009A000002B08DA0024401C614192185B411A4375
:1009B00001D14008400010BDF0B51FB482B005461B
:1009C0000C0003D0084606F0F3FD02E006F0F0FD4F
:1009D00020300246009021462846FFF749FD049B3F
:1009E000059A04460F4618431143084314D018468D
:1009F00010431BD0009840210A1A18460599FFF7AA
:100A000047FD05460E46009A05990498FFF730FD0C
:100A1000084305D0012004E02046394607B0F0BD68
:100A20000020C11705430E432C43374300990E980D
:100A30006305401A7905E40A00220C43FD0A0A30D6
:100A400002D500200146E9E70105101969410C9C17
:100A50000D9D00196941FFF7A2FFDFE770B58C1803
:100A60000578401C6B075B0F01D10378401C2A11ED
:100A700006D10278401C03E006780E70401C491C29
:100A80005B1EF9D12B0705D40023521E0DD40B7029
:100A9000491CFAE70378401CCB1A921C03E01D782E
:100AA0000D70491C5B1C521EF9D5A142D8D3002001
:100AB00070BD000003490020C87003498870C870E9
:100AC00070470000400900204000002070B50C4C29
:100AD0000546E078002807D000F0B6FBFF21401B58
:100AE0002D31884201D2002070BD0020E070054900
:100AF0008870C870C82007F003FB012070BD00009B
:100B0000400900204000002002480021017141718D
:100B100070470000400000201CB5044607226946CB
:100B2000002007F07DFD00282FD1684600784006A0
:100B3000400E07F012FA2070684640784006400EDA
:100B400007F00BFA6070684680788006800E07F028
:100B500004FAA0706846C0784007400F07F0FDF91E
:100B6000E070684600798006800E07F0F6F9207183
:100B700068464079C006C00E07F0EFF9607168461C
:100B8000807907F0EAF9A07100201CBD00B587B09C
:100B9000002069460873012203A90F2007F040FDD9
:100BA000002801D013A008E004A807F015FA04A853
:100BB00007F078FF002804D016A006F0D5FC07B097
:100BC00000BD6846007B01224106490E684601735C
:100BD00003A90F2008F0B4F86846027C417C807CB1
:100BE0006B4607C36846037D427D817D104806F051
:100BF000BBFCE4E75B4453333233315D2072656103
:100C00006420737461747573206661696C65640D2A
:100C10000A0000005B4453333233315D2073657446
:100C20002074696D65206661696C65640D0A000059
:100C30006C8F0008F0B5044600200D4687B01421E3
:100C40000646844605917FE0761C01463231F6B2B5
:100C50008D4200D82946C9B204E0225CDF2A03D0C5
:100C6000401CC0B28842F8D3A84274D2411DA942A8
:100C700071D22218964651789278972902D001298C
:100C800003D004E0012A07D001E0972A04D03A49B2
:100C9000CA69521CCA6114E07146C9780191714653
:100CA00009790091714649790291642909D841185E
:100CB000891D0391891CA9424DD20399615CFD29CC
:100CC00001D0401C3FE00021029A0B46D21DD7B252
:100CD00005E0C218A25C51185B1C89B2DBB2BB42B2
:100CE000F7D3039AA718BB787F781B023B43049382
:100CF00099420DD00021029A0B46921DD7B205E011
:100D0000C218A25C51185B1C89B2DBB2BB42F7D39C
:100D1000049A914204D018494A69521C4A61D0E7AA
:100D200015480169491C016172460198921D029B98
:100D300000996C2801D1802918D000F0E9F8012031
:100D400084460398C01CC0B2A84204D205998E42C2
:100D500001D279E7FFE7092D06D36046002803D1C9
:100D60000548016A491C016207B0F0BD19461046EA
:100D700005F0B6F9E3E700004000002070B51C4C18
:100D80000546207900280AD000F05EFA0246E068A5
:100D9000101AFA2801D9FFF7B7FEE26002E000F06E
:100DA00053FA0246A260012121702079114B0028DC
:100DB0000DD01D54401CC1B2217106290DD060799F
:100DC000093081420ED11846FFF734FF08E0DF2DCD
:100DD00002D11D702171E26070BD6571642DFBD977
:100DE000FFF792FE20798028F6D3FFF78DFE70BDC5
:100DF000400000204909002070B5144C0125E1781D
:100E0000114B4A1CD2B2242810D0A678002E0CD048
:100E100058540021E27023280CD0642A05D3A17015
:100E2000E17064210848FFF7D0F970BDA5705854EF
:100E3000E27070BDA170E170034964228818FFF769
:100E40009DF92570EDE70000C9090020340100205C
:100E500010B512484078002812D0114A1078242882
:100E60000DD1507844280AD10C4B00201B1D810065
:100E7000411889188979302903D0312901D00020FF
:100E800010BD30391954401CC0B20828EFD364217A
:100E90000348FFF79AF9012010BD0000340100203B
:100EA0002D0A00207047704710B5026801211162B9
:100EB000026802211162026804211162006808219F
:100EC000016201220249034801F024FE10BD000026
:100ED000340000208807002010B501220249034891
:100EE00001F018FE10BD000034000020880700202B
:100EF0007047000010B501220249034801F00AFEC4
:100F000010BD0000340000208807002072B6FEE704
:100F1000F0B52C4CA7782C4E0125002F1FD0E77878
:100F2000002F1CD0A778022F01D16F2803D0A778FB
:100F3000022F04D005E0E4788C4212D0F0BD622884
:100F40003ED0A778012F04D1462802D1E7788F42FE
:100F500013D0A7788742F1D1E4788C42EED14628AD
:100F60000BD062282CD06F280BD08228E6D16A29BA
:100F700024D06F29E2D17571F0BD3C29FCD13570C8
:100F8000F0BD022BFCD31078FF28F9D1507800284F
:100F900001D0FF28F4D163390B0006F020FB050DCA
:100FA0000507090B0400EBE77570F0BDB570F0BDE7
:100FB000F570F0BD3571F0BDF571F0BDB571F0BDE6
:100FC0003572F0BD4000002040090020F0B5002837
:100FD00008D0014620314A79022A05D00422C26392
:100FE000002008710120F0BD026813685B085B00F7
:100FF0001360026813680E24A3431360426C1468E4
:10100000FF2301339C4314600C4A5568066C1C2472
:10101000264001242746B7403D435560826CC56C8D
:101020005560026D002A05D015689D431560826DDC
:10103000406D42604C7100200871F0BD000002401C
:10104000F8B50024014620314A79022A03D0042150
:10105000C16301242DE0026813685B085B00136024
:10106000026813680E25AB431360426C1368FF25BA
:101070000135AB431360104A5568066C1C231E40B3
:1010800001231F46B7403D435560826CC56C5560D7
:10109000026D002A06D016681D02AE431660426D2E
:1010A000856D55604B7100220A71816B002900D05B
:1010B00088472046F8BD00000000024070B5044695
:1010C00000F0C2F80546601C02D0044800782418DD
:1010D00000F0BAF8401BA042FAD370BDA001002076
:1010E000F0B5002303249AE02A4601259D402A40BA
:1010F0007ED00E79B607B60F012E01D0022E16D182
:1011000086682746B4465E00B646B7406646BE438C
:10111000B446CF687646B740664637438760466830
:10112000AE430D79ED06ED0F9D40354345600D79D9
:10113000ED43AD0708D0C5685F002646BE40B54305
:101140008E68BE402E43C6600D79AD07AD0F022DEF
:101150000ED1DD08AD002D18AC462D6A5E07F60EE7
:101160000F27B740BD430F69B7402F4365462F6235
:1011700005685F002646BE40B5430E79B607B60F38
:10118000BE402E4306604D68AD03AD0F46D09E08AD
:10119000264DB6007519AC462D6E9E07F60E0F272C
:1011A000B740BD4305273F07B84201D100270FE0F4
:1011B0001F4FB84201D101270AE01E4FB84201D1AA
:1011C000022705E01C4FB84201D1032700E00527A4
:1011D000B7402F43154D664637662D684E689543D8
:1011E000F60200D51543114F3D607D68954300E040
:1011F00014E04E68B60200D515437D600B4D803576
:101200006E684F689643BF0300D516436E602E6824
:101210004F689643FF0300D516432E605B1C0A6897
:101220001546DA4000D05FE7F0BD0000001802402C
:101230000004005000080050000C0050002A01D0AB
:101240008161704781627047014880687047000083
:10125000A001002070B5024640325378202B1CD1EB
:101260001378012B19D001231370242454700468BF
:1012700025689D432560046825681E03B5432560E5
:10128000046825680D432560006801681943016002
:10129000202050700020107070BD022070BD70B50D
:1012A000024640325378202B1BD11378012B18D0E3
:1012B000012414702423537003681D68A5431D6026
:1012C00005682B680F263602B343090219432960CB
:1012D00000680168214301602020507000201070D8
:1012E00070BD022070BD000070B5040006D0254618
:1012F000403568780026002802D005E0012070BD46
:101300002E70204600F0BCFA242068702068016826
:101310004908490001600F21606809068843216877
:10132000086121688A680120C00382438A60E168FD
:101330000129A1682FD021229202114322689160D5
:101340000121E268C902022A2268536825D08B4332
:10135000536021684A68124B1A434A602168CA6880
:101360008243CA60616920690843A1690902084390
:101370002168C860216AE069084321680860206824
:1013800001680122114301606664202068702663B1
:10139000AE70002070BD0143D0E70B43D8E70000DA
:1013A00000800002FFB50446002083B0254640358A
:1013B00001906A78202A70D122689269D24312047F
:1013C0006BD52A78012A68D001222A7024226A70FB
:1013D00060648F05BF0DE06801280AD03048012104
:1013E00038188902884321684860FFF72DFF0646B8
:1013F0000CE02C48F3E70698401C07D0FFF724FFC9
:10140000811B069881423ED800283CD0216888691B
:1014100089698006C00FC906C90F0843EBD0206850
:101420008169C943C90619D50096002220212046AA
:10143000069B01F059FD002808D0606C04281BD1E0
:1014400021682020C8610020606415E02168202008
:10145000C86168700020287007B0F0BD1021C1611C
:101460000096002220212046069B01F03DFD002829
:1014700002D121682020C8610198401C01460190DA
:1014800005988142A7D320206870616C0143616494
:10149000002028700120DFE7FFE70220DCE70000E2
:1014A0000028000200200002FFB505460446403532
:1014B000687881B0202877D12878012874D001205D
:1014C0002870FFF7C1FE0746012200901923D103BF
:1014D000204601F009FD002851D12120687010201C
:1014E000A87000266664039860620499618566634B
:1014F000628D3949FF2A03D9FF222285CB0206E0FB
:10150000628D228501235B061204120C0FD0226823
:1015100000789062606A401C6062608D401E608549
:10152000208D401E2085401CC2B2009101E00022A7
:1015300000912046029901F0C1FC16E001F038FD4F
:1015400000281CD1606A216800788862606A401CAB
:101550006062608D401E6085208D401E80B22085B7
:10156000618D002901D000280CD0608D0A990028D7
:101570003A462046E2D101F0F0FC00281DD00120BF
:1015800005B0F0BD00970022802120460A9B01F0A3
:10159000ABFC0028F3D1608DFF2806D9FF222285FD
:1015A00001231B060096C4E714E0608D2085009699
:1015B000208D0123C2B25B06BBE721682020C861F1
:1015C00021684A68054B1A404A606870AE702E70F8
:1015D0000020D5E70220D3E70020008000E800FECD
:1015E000FFB5054604464035687883B0202875D19C
:1015F0000C98002814D00D98002811D028780128C4
:101600006CD001202870FFF71FFE074601220090D2
:101610001923D103204601F067FC002874D103E0B0
:101620000120400260646FE0222068704020A870B2
:10163000002666640C9860620D98608566630E985B
:101640000090019704A90EC9204601F0D7FB00289D
:1016500001D02E7058E0618D3448FF2905D9FF2252
:10166000228501231B06009006E0618D21850090F4
:10167000208D0123C2B25B062046049901F01EFCB6
:1016800000970022042120460E9B01F02DFC00282B
:101690003AD12068406A616A0870606A401C6062E2
:1016A000208D401E81B22185608D401E6085608D39
:1016B00000281FD000291DD100970022802120463C
:1016C0000E9B01F011FC00281ED1608DFF2806D969
:1016D000FF22228501231B06009607E024E0608D8F
:1016E00020850096208D0123C2B25B062046049916
:1016F00001F0E4FB608D0028C2D13A4620460E99E5
:1017000001F02BFC002802D0012007B0F0BD2068BA
:101710002021C16120684268054B1A40426069700F
:10172000AE702E700020F0E70220EEE7002400806B
:1017300000E800FEFFB5054604464035687883B0F2
:10174000202872D10C98002814D00D98002811D0B0
:101750002878012869D001202870FFF775FD074619
:10176000012200901923D103204601F0BDFB00287F
:1017700071D103E00120400260646CE021206870B8
:101780004020A870002666640C9860620D98608501
:1017900066630E980090019704A90EC9204601F0D7
:1017A0005DFB002801D02E7055E0608DFF2805D923
:1017B000FF22228501231B06009606E0608D20850E
:1017C0000096208D0123C2B25B062046049901F0E9
:1017D00075FB3A4620460E9901F0EAFB00283AD103
:1017E000606A216800788862606A401C6062608D6F
:1017F000401E6085208D401E80B22085618D0029AD
:101800001FD000281DD100970022802120460E9B6A
:1018100001F06AFB00281ED1608DFF2806D9FF2247
:10182000228501231B06009607E024E0608D2085B9
:101830000096208D0123C2B25B062046049901F078
:101840003DFB608D0028C4D13A4620460E9901F038
:1018500084FB002802D0012007B0F0BD20682021C1
:10186000C16120684268054B1A4042606970AE70E1
:101870002E700020F0E70220EEE7000000E800FEF6
:10188000F0B593B0044614216846FEF79EFC34215F
:1018900005A8FEF79AFC23492068234C022512274D
:1018A00088421FD1202000260590099605A800F047
:1018B000F7F8002801D0FFF729FB606B284360632D
:1018C000606B029628401290C02000900620049081
:1018D0000197039669461548FFF702FCE16B01206A
:1018E000400518E0124988421AD1606B28436063B2
:1018F000606B019728401290032080020090012025
:10190000029006200490039569460848FFF7E8FB1B
:10191000E16B012080050143E163E16B014012911D
:1019200013B0F0BD0054004000100240000400500D
:101930000058004002488168027889188160704729
:10194000A001002010B50848002401688215114349
:101950000160032000F00AF8002801D0012401E012
:1019600000F052F8204610BD0020024030B5054678
:101970001F4887B0C26B20210A43C263C06B084076
:10198000009005A901A800F027FA0498002815D0B6
:1019900000F03EFA40001749FEF7AAFB411E174827
:1019A000154A0260164AC2604160002101618160EF
:1019B000816100F07EFC040003D015E000F028FAFD
:1019C000E9E70E4800F09CFC04000DD1122000F065
:1019D00031F8042D07D200222946122000F036F8F3
:1019E0000848056000E00124204607B030BD000033
:1019F0000010024040420F0000140040B0080020D8
:101A0000E7030000A401002008B50948016801228D
:101A10001143016000681040009005484038C26BD7
:101A200001040A43C263C06B0840009008BD000077
:101A300040100240002805DBC106C90E0120884085
:101A4000014908607047000000E100E010B505F0B2
:101A5000D3FD10BD10B50F4C2168032252029143F3
:101A600001432160C11FFF39FA390ED10A4806210E
:101A7000006848430949FEF73BFB401C02E0002890
:101A800005D0401E61694905F9D4002010BD03202E
:101A900010BD000000700040AC01002040420F006B
:101AA000FEB5044600680027704D714E800355D581
:101AB00000200090F06BC00007D4F16BA805014333
:101AC000F163F16B0140012000906A4801688215C2
:101AD00011430160FFF7B8FB019005E0FFF7B4FB8D
:101AE0000199401A022825D862480068C005F5D53A
:101AF000E8690321090208400FD0216B81420CD014
:101B0000E86903210902EA698843012109040A43BB
:101B1000EA61EA698A43EA61E861C0070FD0FFF72A
:101B200093FB019008E0FFF78FFB0199411A52489F
:101B3000814201D9032709E0E8698007F3D5E86904
:101B4000032109028843216B0843E86100980028BB
:101B500004D0F16B012000078143F1632078C007B6
:101B600005D0686961688008800008436861207852
:101B7000800705D568690C218843A168084368611E
:101B80002078C00606D56869032189028843E16888
:101B9000084368612088800506D5686903218904A7
:101BA0008843A169084368612088400506D56869B3
:101BB000032109058843E1690843686120788006AC
:101BC00006D56869032109038843216908436861D0
:101BD000208840040ED56869216A80008008084387
:101BE00068610121206A8907884203D1F06889135E
:101BF0000843F0602068000305D5686940218843E8
:101C0000616A08436861206881021C480BD56969D4
:101C10008210A36A914319436961A16A914202D17A
:101C2000F1680143F160216849020AD56969E26AF5
:101C3000814311436961E16A814202D1F168014344
:101C4000F160208800050FD5686903218903884366
:101C5000616908436861012160698903884203D191
:101C6000F06889000843F0603846FEBD401002402D
:101C700000100240007000408813000000000001C6
:101C8000F8B50F46060043D04D4D28684007400F79
:101C9000B84213D22868C008C00038432860FFF754
:101CA000D3FA044605E0FFF7CFFA011B454881420D
:101CB00061D828684007400FB842F4D13068424CE0
:101CC00081070DD5400704D5A06807210903084303
:101CD000A060A0680F2109028843B1680843A06092
:101CE0003078C00732D0706801280AD002280BD0A3
:101CF00000280FD03449403103280ED0C969890724
:101D000004E02168890301E021688901002906DBDC
:101D10000120F8BD21684905F8E7096AEFE7A168E5
:101D2000C908C9000143A160FFF78EFA009006E0E0
:101D3000FFF78AFA0099411A224881421BD8A0680D
:101D4000382108407168C9008842F1D128684007ED
:101D5000400FB84217D91A480168C908C900394369
:101D60000160FFF771FA054607E0FFF76DFA411BC6
:101D70001448814201D90320F8BD1148006840078A
:101D8000400FB842F1D13078400706D5A06807214E
:101D900009038843F1680843A06000F04DF8A1688A
:101DA0003C2289091140094A515CC906C90EC84044
:101DB0000749086007480068FFF7D8FDF8BD000034
:101DC0000020024088130000001002400C8F000821
:101DD000AC010020A401002010B5072202600A4ACD
:101DE00093685B075B0F436093680F2424022340D2
:101DF0008360926807231B031A40C260034800688F
:101E00004007400F086010BD001002400020024053
:101E10000648074900688968064A4904490F89004D
:101E2000515CC906C90EC84070470000AC010020D3
:101E3000001002404C8F000810B5204CA068204ACA
:101E40008006400F16D0A0688006410F501001296F
:101E50000FD0A1688906490F022912D0A068800618
:101E6000400F042823D0A0688006400F032821D00B
:101E7000002010BD206801218004400F81401046E1
:101E800012E0E1688B07E1689B0F4906490F491C86
:101E9000032B00D01046FEF72BF9E1684904490EE8
:101EA0004843E168490F491CFEF722F910BD0120A3
:101EB000C00310BD7D20000210BD000000100240D4
:101EC0000024F400F8B504007ED020783827C0073D
:101ED000ED4D002846D0A868E96838408907890F89
:101EE000102802D008280BD001E0032908D00120D7
:101EF0006268000482420AD129680143296015E022
:101F0000286880032ED560680028DDD02AE00523EC
:101F100001211B0489049A422A6802D10A432A60DB
:101F2000EAE782432A6028688843286060680028BE
:101F30000CD0FFF789F9064604E0FFF785F9801B0E
:101F4000642873D828688003F7D50BE0FFF77CF985
:101F5000064604E0FFF778F9801B6428F1D828686A
:101F60008003F7D42078800769D5A868E9683840ED
:101F70008A070721920FC902102802D0002813D027
:101F800001E0022A10D0E068002846D02868884383
:101F90002169084328602868FF210131084328602F
:101FA000FFF752F906462CE02A68520502D5E2688E
:101FB000002A89D06A687F231B029A4363691B0247
:101FC0001A436A60002800E08DE00ED1286888433B
:101FD000216908432860286801218004400F81405E
:101FE000AA48FEF785F8AA490860AA480068FFF7E2
:101FF000BDFC002877D122E0FFF726F9801B0228DC
:102000009FD828684005F7D568687F210902884372
:10201000616909020843686011E02968FF20013006
:1020200081432960FFF710F9064605E098E0FFF7C5
:102030000BF9801B022884D828684005F7D4207843
:10204000954E00072ED5A8688006400F03280AD0B9
:10205000A0690028306A16D0012108433062FFF7DA
:10206000F3F807460BE0306A80071BD5A06900280B
:102070009FD017E0FFF7E8F8C01B022870D8306A3D
:102080008007F7D50EE0400840003062FFF7DCF82B
:10209000074604E0FFF7D8F8C01B022860D8306A72
:1020A0008007F7D4207840076CD5A8680027800601
:1020B000400F042818D0E86BC00008D4E96B012059
:1020C00000070143E963E96B014001270091734870
:1020D0000168C90519D40168821511430160FFF731
:1020E000B3F800900DE083E0F06980074AD5A0685E
:1020F00000287DD046E0FFF7A7F80099401A022893
:102100002ED866480068C005F5D5A168012910D011
:1021100004200529F16911D049084900F161F169EC
:102120008143F161A068002816D0FFF78DF8009078
:102130000EE0F06901210843F061F3E70143F1612A
:10214000F7E7FFF781F80099411A5548814267D8AF
:10215000F0698007F5D50EE0FFF776F8009007E00C
:102160005EE0FFF771F80099411A4D48814257D857
:10217000F0698007F5D4002F04D0E86B012109072E
:102180008843E863E06900287BD0A9688906490F85
:1021900002294FD0012636060228286805D0B04310
:1021A0002860FFF751F804463CE0B0432860FFF791
:1021B0004BF8074604E0FFF747F8C01B02282FD86A
:1021C00028688001F7D4616A206AA26A0843E16A3C
:1021D000120211430843216B0843616B0843E9680D
:1021E000304A11400843E86028683043286000E026
:1021F00045E0E868012109070843E860FFF724F893
:10220000044604E0FFF720F8001B022808D82868DD
:102210008001F7D535E0FFF717F8001B022801D938
:102220000320F8BD28688001F5D4E8681E490840FD
:10223000E86026E00128F4D0E868226A8107890F67
:1022400091421CD17021626A0140914217D17F21D5
:10225000A26A090201401202914210D11F214904D1
:10226000E26A014091420AD107214906226B0140EE
:10227000914204D1400F616B4007884201D0012098
:10228000F8BD0020F8BD0000001002400024F4005A
:10229000AC010020A401002040100240007000406A
:1022A000881300008C80C111FCFFFEEE7047704760
:1022B000704770B5040005D025462035687F00289A
:1022C00002D006E0012070BD00202877204600F0F3
:1022D00016F802206877211D206804F0B7F9012262
:1022E00040342272AA77EA7722706270A270E2709C
:1022F00022716271A271E2716A77002070BD70472D
:10230000014620314A7F012A01D001207047022274
:102310004A770168CB6801221343CB6000680C49FF
:10232000884208D09107884205D00A49884202D0E5
:102330000949884207D18168084B1940062905D010
:10234000DB1F994202D001681143016000207047F1
:10235000002C014000040040004001400700010043
:1023600070470000F8B504460068C6680569002794
:10237000A907002913DAB10711D5F91E016101205F
:102380002077206880698007204602D0FFF7E8FFA9
:1023900004E000F08BF8204600F089F82777680702
:1023A00016D5700714D504202168C04308610220A7
:1023B0002077206880698005800F204602D0FFF7D3
:1023C000CFFF04E000F072F8204600F070F82777A5
:1023D000280715D5300713D508202168C0430861A8
:1023E000042020772068C0698007204602D0FFF7CC
:1023F000B7FF04E000F05AF8204600F058F82777BD
:10240000E80616D5F00614D510202168C0430861EF
:10241000082020772068C0698005800F204602D000
:10242000FFF79EFF04E000F041F8204600F03FF87F
:102430002777E80708D0F00706D001202168C043BD
:102440000861204600F034F8280601D4A80407D516
:10245000300605D52168134808612046FFF727FF9D
:10246000E80507D5300605D521680F4808612046E4
:10247000FFF71CFF680608D5700606D540202168C6
:10248000C0430861204600F01DF8A80608D5B00634
:1024900006D520202168C04308612046FFF708FFC9
:1024A000F8BD00007FDFFFFFFFFEFFFF70477047B2
:1024B00010B500680249884201D1FFF73BFA10BD10
:1024C00000140040704710B5014680310A79012A96
:1024D00015D001220A7124228A60026813681468E8
:1024E000640864001460012252079343002242668C
:1024F00000680360202088600A71104610BD022029
:1025000010BD7047704770B5044605468034207989
:1025100001281AD0012020712420A06028680668B4
:1025200002685208520002602868826807235B062E
:102530009A430A438260284604F054FA28680660E9
:102540002020A0600020207170BD022070BD70B5F9
:102550000446054680342079012819D001202071D5
:102560002420A060286806680268520852000260B1
:1025700028688268D200D2080A438260284604F0A4
:1025800031FA286806602020A0600020207170BD0C
:10259000022070BD7047704770B5164E0168012566
:1025A000022204230824B1420CD10D6201680A62A0
:1025B00001680B6200680462FEF7A6FA01220E4968
:1025C0000E4813E00E4EB14202D1FEF76DFC70BD15
:1025D0000C4EB142FBD10D6201680A6201680B62C8
:1025E0000068046204490122891C074800F092FA3D
:1025F00070BD00000038014000000020600600208F
:1026000000480040004C00401C080020F8B503685A
:102610000446D96918689A68B94D0E462E40254679
:102620008035002E75D0B74EB74F16400740374360
:102630006ED0CF0706D0C70504D501271F622B69CE
:102640003B432B618B0708D5D30706D027680223AD
:102650003B622B6904273B432B614B0708D5D3070B
:1026600006D0276804233B622B6902273B432B617A
:102670000B0709D520230340334305D026680823E0
:1026800033622E691E432E610B0509D5430107D520
:1026900001232668DB0233622B69202633432B613A
:1026A0002B69002B42D089060AD520210840C90594
:1026B0000A40104304D0616F002901D020468847AA
:1026C000286921688968490602D42821084232D045
:1026D000204604F071FA21688868400627D5EFF398
:1026E0001080012282F310888B68402293438B6014
:1026F00080F310882868002819D0844981632868ED
:10270000FEF79EFC002811D02868816B0DE000E0E8
:1027100017E08E0615D5012720263F0706401740F3
:102720003E430ED0616FBFE020468847F8BD20468B
:10273000FFF732FFF8BD2046FFF72EFF002028618B
:10274000F8BDE66E012E7DD1CE067BD5C60679D5C5
:1027500010201862226890682646400640360028FD
:1027600057DA29680B6858680004000C45D0B78B0D
:10277000874242D9F08308680068800636D4EFF3B8
:102780001080012181F310881168FF2301339943E0
:10279000116080F31088EFF31080012181F310881D
:1027A00021688A68520852008A6080F31088EFF32B
:1027B0001080012181F3108821688A6840239A43A0
:1027C0008A6080F310882020E8600020E066EFF344
:1027D0001080012181F3108821680B681022934337
:1027E0000B6080F310882868FEF7F0FB022020675A
:1027F000B08BF18B401A81B207E0B18B81429FD13F
:10280000186880069CD5022020672046FFF779FED5
:10281000F8BDB08BF18B401A81B2F08B0028F7D055
:102820000029F5D0EFF31080012383F3108813689B
:10283000FF262136B343136080F31088EFF3108036
:10284000012200E01BE082F31088226893682D4E7D
:10285000F6433340936080F310882020E860002026
:10286000E0666067EFF31080012282F3108822682F
:1028700013681025AB43136080F31088C3E7CE02C2
:1028800008D5560206D50120000518622046FFF73C
:1028900082FEF8BD0E060BD501278026FF050640F7
:1028A0003A40164304D0A16F002900D03CE7F8BDA0
:1028B0004A0614D5420612D52046EFF310810122B4
:1028C00082F310881A684024A2431A6081F31088AA
:1028D0002021A9600021816700F0F5F9F8BD0A0206
:1028E00005D5420003D52046FFF754FEF8BDC901C7
:1028F000FCD50028FADA2046FFF704FEF8BD0000F8
:102900000F0800000100001020010004AD6B00085A
:1029100070B5040005D025468035A868002802D08F
:1029200006E0012070BD00202871204600F026F846
:102930002420A86020680168490849000160A06A55
:10294000002802D0204604F06FF8204604F0EAFB8D
:102950000128E7D0206841680922D20291434160F2
:10296000206881682A2291438160206801680122E1
:1029700011430160204604F0BDF870BDF0B593B07E
:10298000044614216846FDF720FC342105A8FDF714
:102990001CFC5A4821685A4C012600250227814216
:1029A0002CD105A805960695FFF77AF8002801D0E6
:1029B000FEF7ACFA524840300268012189030A430D
:1029C0000260006808401290606B30436063606B87
:1029D0000295C007C00F129003204002009005200E
:1029E00069460197049603950007FEF779FB0022DC
:1029F00011461B20FFF72AF81B202BE0414881429B
:102A00002CD105A805970795FFF74AF8002801D0B3
:102A1000FEF77CFAE16B012040040143E163E16BC6
:102A200001401291606B30436063606B0295C00798
:102A3000C00F12900C200090052069460197049663
:102A400003950007FEF74CFB002211461C20FEF701
:102A5000FDFF1C20FEF7EEFF13B0F0BD2A4A042054
:102A6000914227D1E26B01040A43E263E26B0A4020
:102A70001292616B31436163616BC907C90F129197
:102A8000616B39436163616B0446394012912021C7
:102A9000049000910520029501970395694600076F
:102AA000FEF71EFB029569461848019700960395AC
:102AB00004941AE0164A9142CED1E26B0121C90476
:102AC0000A43E263E26B0A401292616B3143616335
:102AD000616B0490C907C90F129103210091052071
:102AE00002950197039569460007FEF7F9FA00225F
:102AF00011461D20FEF7AAFF1D20ABE7003801405C
:102B00000010024000440040004800400004005013
:102B1000004C004070B58C231B58202B01D00220A4
:102B200070BD00290BD0002A09D00124836824033A
:102B3000A34206D10369002B03D1CB0701D00120AA
:102B400070BD0023C3660B4B04689C420ED06368C3
:102B50001B020BD5EFF31083012585F31088256840
:102B60000126B6063543256083F3108804F0F6FB92
:102B700070BD00000080004010B50068144A15497F
:102B8000904206D10878FEF7F9F80122114912485F
:102B900009E0124A904209D14878FEF72DF90D4913
:102BA0000122491C0E48FFF7B5FF10BD0D4A9042A7
:102BB00002D1FEF791F910BD0B4A9042FBD1887803
:102BC00003F012FB03490122891C0848EBE70000CF
:102BD0000038014000000020600600200044004052
:102BE000F406002000480040004C00401C08002073
:102BF000FFB5064604468036B06883B00D462028EF
:102C000002D0022007B0F0BD002D3BD0059800286F
:102C100038D00120A1680003814204D12069002836
:102C200001D1E8072ED1002030612120B060FEF7ED
:102C30000BFB0190274640370598B8820598F8822B
:102C40000120A1680003814202D12069002802D03E
:102C50000295002522E0002002901FE00022802142
:102C6000204604F011FC002825D1029800280BD042
:102C70002168007888620298401C0290B168212087
:102C8000884308D00120BDE728882168C005C00D11
:102C90008862AD1CF2E7F88A401EF882F88A019B30
:102CA000002806980090D9D100224021204604F047
:102CB000EBFB002803D02020B0600320A2E72020F7
:102CC000B06000209EE77047FEE701688A69D24342
:102CD000920701D400228A6200688169C943C9074A
:102CE00003D081690122114381617047F7B5044621
:102CF000006882B0816900262746C90640373546FC
:102D00000092002945DA1021C16132E00398401C8D
:102D10002FD0FEF799FA0099411A0398814201D801
:102D2000002826D120684168012292031140BA7818
:102D30008369DB431B0417D401239B03994213D0FF
:102D4000202A11D0416819434160FEF77DFA0090B6
:102D50000AE0FEF779FA01460098081A192803D903
:102D600020200543012604E020688069C0438006D6
:102D7000EFD420688069C043800602D5002EC5D0FC
:102D800004E0002E02D121682020C8610420054300
:102D9000012621688869C20504D501221543120263
:102DA000CA610126410508D508210D43CA012168E1
:102DB000CA610126800502D40AE0800506D50220FA
:102DC000054321680002C861012601E0002E0FD0F2
:102DD0002046FFF77AFF20684168074A11404160AA
:102DE000606C28436064202078700020B8703870D0
:102DF000304605B0F0BD000000E800FEF8B504461E
:102E0000164615481D46DAB20090079F002320465B
:102E100000F054F83A462046069900F0C9F8002818
:102E200018D12846F5B2012809D02168300A8862F5
:102E30003A462046069900F0BBF800280AD12068DF
:102E400085620097002240212046069B00F04CF846
:102E5000002800D00120F8BD00200080F8B504460D
:102E6000164615481D46DAB2C3020090079F204659
:102E700000F024F83A462046069900F099F8002818
:102E800018D12846F5B2012809D02168300A886295
:102E90003A462046069900F08BF800280AD12068AF
:102EA00085620097002280212046069B00F01CF8D6
:102EB000002800D00120F8BD00200080890510B551
:102EC000890D12041143029C1943026821434900F1
:102ED00050684908630D034C2343984308435060EE
:102EE00010BD0000FF63FF03F8B51D4617460E46F0
:102EF000044626E029462046069AFFF7F7FE0028FA
:102F000001D00120F8BD681C1BD0FEF79DF9069981
:102F1000401AA84201D8002D13D12068816930469B
:102F200088430CD00020B8420BD1616C20200143B3
:102F30006164403460700020A0702070E1E70120DF
:102F4000F1E7206881693046884304D00020B84208
:102F5000D0D00020F8BD0120F9E770B516460D4627
:102F600004461EE0324629462046FFF7BFFE0028F1
:102F700001D0012070BDFEF767F9801BA84201D87F
:102F8000002D0ED120688069C043800609D5616C90
:102F9000202001436164403460700020A0702070E4
:102FA000E7E720688069C0438006DBD4002070BD5D
:102FB00070B516460D46044620E0324629462046A6
:102FC000FFF794FE002801D0012070BD681C15D0C9
:102FD000FEF73AF9801BA84201D8002D0ED12068D7
:102FE0008069C043800709D5616C2020014361647A
:102FF000403460700020A0702070E5E72068806990
:10300000C0438007D9D4002070BD00001CB511A4B6
:1030100018CC01940093312330240128684611D044
:103020004470012910D0C4700C48012A69460DD0A3
:103030004C71002141702823072269460848FFF798
:10304000D7FD1CBD4370ECE7C370EDE74B71012168
:10305000F0E7000024302C302C3023003401002015
:10306000F406002010B5002806D0002201214903F3
:103070000248FEF7E3F810BD0122F7E70008005010
:10308000F8B515460F4604004ED0FF2F4CD0002F48
:103090004AD002F0C9F900282AD12946384602F060
:1030A000ABF9002804D02C49206805F097F850E0CF
:1030B0002946384602F0ACF9002819D001213846DB
:1030C00002F09EFA002805D00221384602F098FA54
:1030D00000280DD102F03EFE002804D002F02AFCA8
:1030E0001E49884204DC1E49206805F08AF830E059
:1030F000072D19D20321384602F082FA00900421EC
:10310000384602F07DFA06460521384602F078FA84
:1031100005460621384602F073FA0099002904D0CA
:10312000002E01D0002D06D1F8BD002EFCD0002DC0
:10313000FAD00028F8D0384603F020FC0949FDF702
:10314000A8F8054608492068FDF7A3F82946FDF7C9
:1031500047F82060F8BD00000000D0400AD7A33E29
:103160000000D0C014AE473FB047613EF8B5040040
:103170002ED002F059F900282AD01648818E002955
:1031800026D110214156144E144D00290EDB28463D
:103190002168FDF759F91BD2284625682946FDF715
:1031A00070F83146FDF775F829460EE00C492068A5
:1031B0000D46FDF749F90BD2276828463946FDF739
:1031C00060F83146FDF765F83946FDF709F82060EB
:1031D000F8BD0000640000208FC2753E810465C107
:1031E00034A2344170B5124D287E002817D002F069
:1031F000B1FD002813D00F4802F034FD044602F060
:103200008FFB2146FDF72AF90BD8002028760120F4
:103210000022E8751146104600F0DCFD05E00020B4
:1032200070BD0021044800F0FBFD012070BD0000CE
:10323000640000209A99193F000060410149102064
:10324000085670476400002070B5FDF7FDFF1C4B69
:103250001946DA698039002A0AD0801A06D5487FD3
:10326000002801D0052070BD062070BD0020D86167
:10327000487E012819D0022817D0032815D0042829
:1032800013D002F043FD0446FF2810D002F030FDB9
:103290000546204603F0BEFA2A46214603F026FAE8
:1032A0000849884205DD022070BD042070BD012060
:1032B00070BD0549884201D9032070BD002070BD52
:1032C000E400002000002040000020C070B502F0A3
:1032D00041FD002823D002F043FB002506462C4682
:1032E00029462046FDF7BAF809D229463046FDF7AF
:1032F000B5F804D821463046FDF7A6F80ED9294680
:103300002046FDF7ABF80BD229463046FDF7A6F86C
:1033100006D821463046FDF797F801D8012070BD48
:10332000002070BD0148007C704700008400002030
:1033300070B5134C2078002811D0FDF785FF0546A5
:10334000E06B281A0BD42078012809D0022806D176
:103350000120FFF787FE012020708235E56370BDF4
:103360000020FFF77FFE6078401E0006000E6070B0
:1033700003D002202070DC35F0E70020207070BD03
:1033800064000020F7B582B0174600F07BF80446D1
:10339000002F02D02C4E2D4802E02D4E7F20C0057C
:1033A0002C49FCF776FF002F01D02B4D00E02B4D70
:1033B0002B492C4A496F914201DD2B4908E02B4AE9
:1033C0002B4891420146304602D9FCF762FF294959
:1033D000FCF75FFF06462248FF21806DC905C84201
:1033E00001D2014602E00121C907414000220092BA
:1033F000214A914208DD1A49896FFCF74AFF1F49AB
:10340000884201D901200090002F08D01C49204695
:10341000FCF73FFF0446294603E02C4604E029461A
:103420002046FDF71BF8F8D30120C0074540214690
:103430002846FDF713F800D22C4602980660039840
:10344000046005B0F0BD00008FC2753E52B81E3F4B
:10345000B81E853E5C8FC23E000040410000A8417E
:10346000640000200AD7233E000060C10AD723BEB3
:10347000000060418FC2F53ECDCC4C3D0AD7A3BCC5
:103480006666E63EF8B500F0F7F907001B481C4DEC
:103490001C4C1D4E1D4A1E4B1E490BD0896DA94266
:1034A00010DCB1420FD81C4881421DDC1B48814210
:1034B00020D821E04F79012F06D0022F06D0896D48
:1034C000A94205DD2046F8BD1548F8BD1548F8BDF0
:1034D000B142FCD81048814206DC1048814209D82C
:1034E0000120C005814201DB1046F8BDFF20C00568
:1034F000C14201D31846F8BD0020F8BD0000A84124
:103500008FC2753D0000A8C18FC275BDE17A64C14C
:10351000E17A644164000020BC74933CBC7493BCA9
:10352000000008C200000842F8B5104C607C00287A
:103530001BD102F00FFC2646203E0125002814D0A6
:1035400002F014FA3F2107460906FCF787FF01D273
:10355000357408E0BF2000063946FCF77FFF04D22F
:103560000020C043307425746574F8BD84000020C9
:1035700070B50B4C0025A571E0792071032806D1A8
:1035800002F0E8FB002802D002F0FCF9E573207994
:10359000062803D1FDF758FE00F068F970BD000061
:1035A00084000020F3B5AA4C81B02079072810D1FF
:1035B000A07925460026603505280CD0A54F0628A1
:1035C00048D0022879D0082871D0032870D0042868
:1035D0006FD00020FEBD0299019801F068FF00281D
:1035E0000FD0607AFF2801D2401C6072A07BFD28BA
:1035F00001D8801C00E0FF20A073607A002804D16D
:1036000000E06672A07B022818D36672A673267249
:103610000120A07202F09EFB002807D00620A071B6
:1036200002F0B0F9FDF710FE686404E00220A0711A
:10363000FDF70AFE68630022114607E0029901982F
:1036400001F035FF0028F6D183490022002000F068
:10365000C1FBFBE0686C002802D1FDF7F5FD686452
:1036600000223946104600F0B5FB02F073FB00283B
:1036700020D002F055F90746784802F0F3FA3946AF
:10368000FCF7E2FEE5D8EF63686C002805D0FDF793
:10369000DBFD696C401A286400E02E640220A071F2
:1036A00002F070F9FDF7D0FD6863CFE005E061E05E
:1036B0008BE0B8E00220A071F4E7686B002802D12B
:1036C000FDF7C2FD68630299019801F0F0FE002841
:1036D00001D00120A0725E49102020390856FCF765
:1036E0005FFE5F49FCF7D5FD0022114600F072FB3A
:1036F000A07A002805D00198FF2802D0C0434007D7
:103700001DD0267202F026FB002829D002F008F90D
:103710000746207A022807D28120C00502F0A2FACB
:103720003946FCF791FE1AD84E4CEF62204602F063
:1037300099FAE96AFCF792FE07D2204614E0207A53
:10374000FF28DFD2401C2072DCE7686B00280FD016
:10375000FDF77AFD696B401A2863FFF709FF75E0F2
:10376000207A022872D33F4802F07CFAE862ECE744
:103770002E63F2E700223946104600F02BFB02F0E0
:10378000E9FA032600281BD0A86C002802D1FDF717
:103790005BFDA86402F0C4F80746FDF755FDA96C6F
:1037A000401A296C002902D0884207D24EE02B48EB
:1037B00002F058FA3946FCF747FE47D802F0E2F823
:1037C000A671FDF741FDA86340E021491020203992
:1037D0000856FCF7E5FD2449FCF75BFD0022114685
:1037E00000F0F8FA02F0B6FA0426002819D002F028
:1037F00097F80746A86B002802D1FDF725FDA863BE
:10380000FDF722FDA96B401A296B002902D08842DE
:1038100005D21BE03846E96AFCF720FE16D802F014
:10382000B1F8A67112E000223946104600F0D2FA33
:1038300002F090FA002890D002F072F8044607488F
:1038400002F010FA2146FCF7FFFD86D90120FEBDEB
:103850008400002048E10A41CDCC9CC0CDCCCC3DB9
:1038600000001041CDCC4C3D000010C10149B430E6
:1038700048627047E400002010B502F06BFA00289F
:1038800012D002F0ADF904280FD1032002F0D6F9CE
:10389000044602F065F82146FCF7D6FD05D304483E
:1038A0000079062801D0012010BD002010BD0000C5
:1038B000840000200D49002008710A4648716032DA
:1038C000506290628871C871D062106350639063D7
:1038D000D063106450649064087248728872C87231
:1038E000D064087348738873C873704784000020DD
:1038F000F3B5944C0746207981B007281BD002F01D
:1039000029FA002817D002F02BF8054602F068F9D2
:10391000042807D003280CD102F090F92946FCF7BF
:103920009DFD06D3032002F089F92946FCF796FD98
:1039300002D2FFF7BFFFFEBDFDF786FC0646FF2F54
:1039400008D12079042805D0012803D0002801D00F
:103950000328F0D17B492039888E00280AD02079AD
:10396000042807D0012805D0002803D0072801D05B
:103970000328E0D173486030426A964206D2227929
:10398000042A03D0012A01D0002AD4D16D48002591
:103990006030806A002804D06A4A60328642CAD306
:1039A000956220790628C6D0002812D0012816D0AA
:1039B000032841D00428BED1624810212038415646
:1039C000002974DBFF2F76D0380674D4E572657356
:1039D0004EE0012020715B4860308662FEBD3846B3
:1039E000029901F064FD00280FD06079FF2801D210
:1039F000401C6071207BFD2801D8801C00E0FF2066
:103A000020736079002804D100E06571207B0228D2
:103A1000E4D365712573072020710520A071032070
:103A2000E07125726572A572A5733046FFF71EFF1F
:103A3000444860304662FEBD384601F010FE002862
:103A40001AD002F087F9002809D03F4802F00AF99D
:103A5000074601F065FF3946FCF700FD0CD8E07B16
:103A6000FF2801D2401CE0730006000E05D0E5736C
:103A7000304600F06BF8FEBDE57302F06BF90028EC
:103A8000F9D0314802F0EEF8074601F049FF394617
:103A9000FCF7E4FCEFD8E57304202071294860307E
:103AA000C6644562E5726573FEBD00E003E0FF2F6A
:103AB00001D0F8078AD0384601F0D1FD002808D09F
:103AC000E07BFF28D3D2401C0006000EE073CED16D
:103AD00000E0E5731B486030C16C002900D1C6646A
:103AE000C06C1921301AC901884200D36EE715480D
:103AF00010212038415600290ADB384601F0E1FC4C
:103B000000280AD10F48102120384156002914DA24
:103B1000384601F0ECFC00280FD0E07AFF2801D2F3
:103B2000401CE072607BFD2801D8801C00E0FF2073
:103B30006073E07A0028D9D100E0E572607B02284A
:103B4000D4D2B1E784000020CDCC8C3F70B50F4EAD
:103B500005460F4C304602F085F8E16AFCF77EFC22
:103B600003D2304602F07EF8E0620949072060394E
:103B70000871082088710620C871656202F0EAF8B1
:103B8000002801D001F0FEFEA56470BDCDCC4C3DF7
:103B9000E400002010B502F0DDF8024900234B7468
:103BA00010BD000064000020F7B586B0074602F0A3
:103BB000D1F8584C002625462035002850D001F079
:103BC000CFFE009003AA02A901A801F0C3FC52484D
:103BD00002F048F8049001990098FCF735FC04D2F3
:103BE000A677E6772E706E700FE002990098FCF7CA
:103BF00035FC02D86878002804D0FFF767FB00285E
:103C00002DD107E0A677E6772E7042488030066215
:103C1000AE7024E0FFF730FE002820D1607E00283F
:103C20001DD12878002804D101202870A66401F055
:103C3000D7FA687800280FD036488030006AFCF741
:103C400045FF00285CD001F09DFE0120A870A07700
:103C50006E70A664E6645BE0A07F002802D00020BE
:103C600009B0F0BD04990398FCF7BAFA0099FCF783
:103C7000EBFB09D8684601F051FC002804D00098FD
:103C800001F0A2FC00283BD108980028E8D0FF2FC3
:103C90003ED0380601D5780601D4012000E000208E
:103CA000F907C90F494239408907C917257F1B4ABF
:103CB0001B4B491C002D0FD0002F05D0E57E002D99
:103CC00006D0002824D00DE0E07E09E01A4609E085
:103CD00000291DD0009306E0002F13D0014317D018
:103CE0000028F3D00092E07FFF2801D2401CE0774B
:103CF0000006000EB4D0009801F066FC0028AFD09A
:103D00000120ADE7684601F009FC0028A8D0EAE7E9
:103D1000E677A4E764000020CDCCCC3E000020C2B2
:103D20000000204270B5FDF78FFA044602F012F849
:103D300000280AD01148006CFF21201A91318842D6
:103D400001D2012017E078210EE00D48007800280C
:103D500013D103F0FDFB251A03F000FC002809D065
:103D60000848854206D2DC212046FCF7C1F9C0078D
:103D7000C00F00E00020FFF775F970BDFC080020BF
:103D800064000020B80B000010B502F0D3FA04461E
:103D900002F0DCFA072C02D3072818D308E0072822
:103DA00002D3072C11D303E0072C05D3072803D334
:103DB00084420CD3A04208D302F0C2FA044602F0B7
:103DC000B3FA2146FCF74AFB01D2012010BD0020C6
:103DD00010BD000070B506460E4815460C468142DF
:103DE00002DC0D48844200D904460C48066785670A
:103DF0004467FDF729FA094980314A68002A02D050
:103E0000821A0A2A05D348602A462146304604F021
:103E1000B5FC70BD00002041000020C164000020FE
:103E20000A4610B501460020FFF7D4FF10BD000080
:103E3000F8B501F007FF0024294F2A4A20467C618B
:103E400001211154401CC0B20828F9D3244D03208D
:103E5000803DAC706C86AC86EC7028716871FF2078
:103E6000A871EC752C762C652C646C64AC64EC64E5
:103E700001F0B6F91C48AC656865AC73EC73EC7482
:103E80002C756C75AC75EC652C66AC66EC662C67B5
:103E90006C67AC671548EC6768662E4620363C6058
:103EA000F4706C742C706C700020FFF7DBF8FFF777
:103EB00001FD01202874347474746C76AC762C8700
:103EC000EC762C77AC77EC77347074703C62B4701D
:103ED000FC616C7702F046FA05480470F8BD0000FA
:103EE000E400002038010020000080BF0000604195
:103EF00079010020F0B58FB001F032FF00210122DE
:103F00000846FFF783F801F065FDF74E707C3546F3
:103F10008035002818D0FDF797F9044601F01AFF04
:103F200000280CD0F148016CEA68914207D0006C7F
:103F3000E86001F0FFFC2969FCF752F92861A868E4
:103F4000201A01D4FFF726FE01F00AFD01F0D8F88F
:103F500000200190044605900B90E34880304069B2
:103F6000002804D1FDF770F9DF4980314861E0484D
:103F700001250178002907D00470FCF769FF0028AB
:103F800002D0012005900CE0B07800280ED1FDF79A
:103F90005BF9D54980314969401A4B2109018842B2
:103FA00001D3B57002E0B078002809D0707E0128F6
:103FB0000AD002282ED003284FD0042859D066E01A
:103FC0007466B466F46632E201F0A0FE074601F0C2
:103FD0008FFE0146384601F06AFA002803D0FFF749
:103FE00075F9002801D0B47651E0B07EFF2801D2E7
:103FF000401CB0760006000E49D0022070760022E8
:10400000B47611461046FFF7E5FE02F0ABF902F078
:10401000B7F9C2E102F0C2F902F09EF90B28F8D11B
:10402000FFF7B2FEF07635777077FDF70DF97D2159
:10403000AD4C090140188034E061F07E002801D0C9
:10404000AC4A00E0AC4A0021AC4B084604F096FCB8
:10405000FDF7FAF8A061032009E0A34880308069E9
:10406000FCF734FD0028D4D012203087042070766D
:10407000CFE7308F002804D0401E30870021A048B1
:10408000FBE302F06FF99F4804707476C1E796482D
:10409000C07D002802D00022114622E1FFF7A2F8DD
:1040A0000028B6D101F032FE064601F021FE06904E
:1040B000039001F04FFE002803D030460699FFF729
:1040C00017FC3046059A0699FFF76EFD0028A0D12F
:1040D000854F2037B87800280ED001F03BFE00282D
:1040E0000AD0894801F0BEFD079001F019FC07993C
:1040F000FCF7B4F904D8BC70F878002803D047E086
:1041000000218248BCE701F025FE002840D0FFF7DF
:10411000DDF800283CD1FFF7AFFB002838D172480A
:10412000407E002834D17878002831D1B878002832
:104130002ED101F00FFE00280FD001F011FC01F08C
:1041400029FA002809D06848807F002805D17878AE
:10415000002802D1B87800281AD00A2001F06EFD9C
:10416000009001F0FDFB0099FCF778F910D85E484B
:1041700010214156002901DB654900E06549664A86
:10418000664804F091FA5848FD708464C464BC70B9
:10419000304602F03FFB3146039A02F0A7FA019045
:1041A000314601A8039AFEF76BFFFFF7BDF9FF2E1A
:1041B00002D04D4801998165FFF788F8002809D0A1
:1041C000069806280CD2002E0AD055490198FCF713
:1041D00060F801903879032804D0042804D008E05E
:1041E0000194F7E74F4900E04F490198FCF751F877
:1041F000019001A8FEF7BAFF3B48807800284BD019
:10420000FFF764F8002847D1FFF736FB002843D1B9
:104210003548407E00283FD1FF2E3DD001F0A0FB65
:10422000009001F097FD002836D0092001F006FD2E
:10423000014607900098FCF707F92DD33B4801F0A1
:1042400011FD01460798FBF7CBFF0099FCF7FCF83E
:1042500022D9254910228A5635480092002A00DAD0
:1042600034480199FBF7BCFF0099334A00290190BB
:10427000314608DB00290FD0F14349070CD1114624
:10428000FBF7AEFF07E0002906D07109072903D12B
:104290001146FBF7F6FF01903879072805D1304623
:1042A0000699FFF77FF9002877D13879042801D1E2
:1042B000FF2E14D03046039901F0EEF807903046F7
:1042C000039900F03FFF0090FFF7D6FA002837D09F
:1042D00000F086FF0448808E002838D04DE0174952
:1042E0000022002015E3000064000020FC080020EC
:1042F00034010020000034C2000034420000A0411C
:10430000CDCC9C40790100200AD7233D48E10A41E9
:1043100000003EC300003E4300002041EC51B83D88
:104320003D0AD73EB81E053FAE47613FEC51383FCE
:10433000CDCC4C40CDCC4CC000001041295C8FC08E
:104340003046079B019A039900F058FFC2E7FEF739
:10435000BDFF002811D13046039901F04DF8002827
:1043600005D13046039901F053F8002805D0FC48E8
:10437000C079012801D100F033FFF948C079022843
:104380000CD0032821D0F648408E002852D0F449A2
:10439000401E48860021F34872E68DE0FFF772F870
:1043A0000146F148FFF73CFDED4EB07A002804D0FD
:1043B000401E0006000EB0727ED10320F071F4861C
:1043C0003573FCF741FF306523E6FCF73DFFE44F12
:1043D000396D401A7D214901884222D8FF2E0AD02A
:1043E0000398022807D3042805D80146304601F077
:1043F00053F8002815D0F88E401C80B2F886822829
:1044000003D3FC86387B281A3873387B00280ED0FB
:104410000B203856FBF7C4FFD449FBF73AFF01469F
:1044200006E000F0DDFE00F0C1FEBC64F1E5002115
:10443000002025E6FF2E0BD001F08CFC002806D0D2
:1044400001F08EFA0A90FFF717FA002819D0CDE094
:10445000C34DAC64EC652C66FEF738FF002803D131
:10446000FFF70AFA002802D0A88E002807D0002201
:1044700002A96846FEF786FF02990098FDE1012235
:10448000F6E707A800900CAB08AAB9490A9801F012
:10449000EFFB00287ED008A90878B14A6946107160
:1044A0005071097F917105280CD0062824D004286A
:1044B0002CD06846008E00E068E1410810468186F5
:1044C0004ED04EE0A6480B29848644868464C4649A
:1044D0000AD101F03FFC002806D0A148057601F082
:1044E00051FAFEF77FFE51E19D480022C575114645
:1044F0001046FFF76FFC62E0994803218486C47080
:104500004486846445768476417158E009290BD04D
:104510000A2909D0924805298486C4704486846497
:104520000DD0062913D04AE08D4803218486C4703B
:104530004486846441710171FF2181713FE0C5743B
:1045400004754475857506E001F01CFA37E0C57402
:1045500004754475847501F0FDFB0028F4D12EE04C
:1045600085867F487E49C47002204886FCF76CFE31
:104570007B490865084669468464087F08A909786C
:10458000FF281CD176484574817480300461FCF7A3
:104590005BFE00E02AE07749411871488030816075
:1045A00001F0D8FB002805D07348016C6C488030BE
:1045B000C16004E06A488030C4608038447468494F
:1045C00068460A78007F002A10D1401CC0B210282B
:1045D00000D9102062494870084605700120FEF796
:1045E00041FDFCF731FE5E498230C86301F0B2FB49
:1045F00000285CD05A48C17C002958D0007D002892
:1046000055D1FFF739F9002851D1FEF75FFE002898
:104610004DD101F085F90790584801F023FB079927
:10462000FBF712FF03D24E48C47405753EE00598AF
:1046300000283CD0069807900096301E35D0079988
:1046400000F02AFF002805D10799009800F0D4FE59
:1046500000282AD04248417DFF2901D2491C4175DA
:10466000C9B2022923D30575C4744475397CF92273
:10467000002903D010214156002903DB0571457143
:10468000827104E0022101714171F8218171817D03
:10469000002901D0502100E096218186C4700221BA
:1046A0004186846400F09CFD01E02D4844752C4D4A
:1046B000E87D00286AD1059800280DD00198294688
:1046C000803128640968FBF7DCFDFF21C905C84279
:1046D00001D3090248400B902148808E00287DD0EC
:1046E0001F49FF22086CD205D04201D3120250406C
:1046F000079023480090002008901948407901282D
:1047000003D0174D022842D061E015487F258179FA
:10471000ED050A2904D0F9291BD0FD2902D006E0B5
:10472000184D17E0304600F08AFF002811D10C48E0
:104730008079FA2804D1304600F089FF002808D19A
:1047400007488079F42805D1304600F060FF002842
:1047500000D00D4D00982946FBF79BFD009036E0F8
:1047600064000020CDCC1C416766864000005041AB
:104770000AD7A33D52030000FC080020000060405F
:104780000000E04133C4B13F295C8F3FFDE3A879CD
:104790000A2808D0F82809D0FC280CD0FB280AD019
:1047A000F42808D013E0FE48009048E0FD4800904F
:1047B000012008901BE0314600F05FFF002806D082
:1047C000F8480090A879FC2809D001200890F64804
:1047D0008079F9280BD0F82809D01EE081E00698EE
:1047E000042801D9012000E00020089015E0EE4DDA
:1047F000A87D002801D0ED490BE0ED490098FBF7BA
:1048000048FDEC49FBF745FD0090A879F92804D153
:10481000E9490098FBF73DFD0090089800280ED16B
:10482000E649079888420ADADF48C178FF2901D2B1
:10483000491CC170C9B2042903D3848607E0DA4851
:10484000C470D948818E002901D0491E8186D64D79
:104850006879012804D002281ED003283DD03DE00D
:104860000099286CFBF7F0FD38D2A879F9281FD100
:10487000A87D002802D0D24801E0D9E3CB480790B8
:10488000296C06910098FBF7FCFC0799FBF701FDEA
:1048900006991FE0286421E001210098C9074840DB
:1048A0000090296CFBF7D0FD18D2A879F82801D028
:1048B0000098EFE7A87D002801D0C14800E0C1487A
:1048C00006900098296C0091FBF7DBFC0699FBF73A
:1048D000E0FC0099FBF784FCDCE72C64A88E002840
:1048E0000BD1B14DA879F42807D10320687100F0ED
:1048F00077FC00F05BFCFF20A8710598002805D02C
:10490000A94DA88E0690002806D024E0A648703055
:1049100007C8FFF75FFAEBE3FF21286CC905C8421F
:1049200001D2014602E00121C9074140A64A914255
:1049300001DAA64905E0A64AA64B8A189A4204D88D
:10494000A549FBF7A6FC286405E08322D205914225
:1049500001DDA249F5E79A480790FF22286CD205AD
:104960002946D04201D3120250409D4A0025904270
:1049700001DB7F25ED05C879012803D199488542DF
:1049800000DA05460698002814D0874841790329A3
:1049900010D004290ED08C4906918079F92801D0D5
:1049A000F82801D18748069028460699FBF74CFD68
:1049B00000D2069D01F0CEF9002813D0FEF786FC48
:1049C00000280FD1FEF758FF00280BD100F0B2FFEE
:1049D0008549884202DC8549884203D9844885425A
:1049E00000DA0546FEF772FC002803D06F488542C6
:1049F00000DD05467F2E01D0FE2E03D17D48854285
:104A000000DA05467C490B98884203DD6E488542F2
:104A100000DA05466448808E002815D1002E13D098
:104A2000FEF754FC00280FD13046039900F0F0FC4B
:104A3000002805D13046039900F0DEFC002803D0A1
:104A40007F256E48ED0507905748816E28460391F3
:104A5000FBF717FC0799FBF71CFC0399FBF7C0FB5E
:104A6000514988667F21C905884203DD08464E49C1
:104A7000886605E0FF224C49D205D04200D38C66FF
:104A80004948FF21006CC905C84201D309024840CA
:104A900000250390FEF71AFC00281FD1FEF7ECFE5C
:104AA00000281BD140485649826E8A4216DAC179E5
:104AB000002913D1002E11D0818E002904D0407915
:104AC000032801D0042809D14E490398884205DC07
:104AD0004D490B98884201DC7F25ED053248C16EB7
:104AE00028460291FBF7CDFB4849FBF7D2FB029920
:104AF000FBF776FB2C49C8667F21C905884203DD98
:104B000008462949C86605E0FF222749D205D04258
:104B100000D3CC663E4CFCF797FB05462248C06F9D
:104B200000280DD0281AFBF746FC3A49FBF7EEFBAC
:104B300004463748844202DB3748844200DD04469D
:104B400019483649C567806E0090FBF7A2FB7F25A8
:104B5000ED052946FBF744FB02902C490098FBF732
:104B600098FB2946FBF73CFB03907D2100982C4DD8
:104B7000C905884263DA0C481449C06E88425EDD7C
:104B800005461F49FBF785FB7F21C905FBF77DFB28
:104B90000299FBF77EFB02902249284644E0000080
:104BA000A83545423D0A1F42640000208FC2F53EF1
:104BB00052B81E3FD7A3703F5C8F823F0000204059
:104BC000295C8F3ECDCCCC3E85EB513F5C8FC23E05
:104BD0006666A6C0666626023333B33FBC74D33F15
:104BE0008FC2B53FAE47613F0AD7A33E0AD7A3BEE7
:104BF000B81E053F3333333F6666C63F3D0AD73E96
:104C0000AE47613E713DCA3F295C8F3FEC51383E53
:104C10006F12033B00007A440AD7233D8FC2753ED2
:104C2000EC51B83D295C0F3EFBF733FB7F21C905F2
:104C3000FBF7D6FA0399FBF72CFBFE4D0390FEF72A
:104C400045FB00280AD0FC490298FBF722FB0290A2
:104C5000FA490398FBF71DFBF94D03900095F94DB8
:104C60002146039B029A286C01F0DAF90446F649C2
:104C7000A86EFBF70EFB7F21C905FBF7B1FA0146D1
:104C800001222046D2075040FBF703FB0446EF48C1
:104C9000EF49844201DD044602E08C4200D90C4613
:104CA000FEF714FB002808D0EA49EB488C4201DDEE
:104CB0000C4602E0844200D90446E248E749806E8F
:104CC0000090FBF7E6FAE649FBF78AFA0546E54964
:104CD0000098884208DAE4492846FBF7D2FA0546EC
:104CE000E248854200DA0546D648C16D2046FBF70A
:104CF000C8FA29460090FBF7B1FB05D2D1482946F6
:104D0000C06DFBF76DFA0CE001212846C907484049
:104D10000099FBF7A3FB05D2CA482946C06DFBF7F3
:104D2000B0FA0446C748D249806E0546FBF7B1FA8F
:104D30007F21C905FBF7A9FACE49FBF7AAFA009033
:104D4000C848854201DB009804E0CB490098FBF796
:104D5000A0FA00900121C90748402146FBF774FBE7
:104D600005D220460099FBF76FFB00D20024FEF726
:104D7000ADFA002812D1FEF77FFD00280ED1B14D0B
:104D8000BE49A86E884209DABD48E96E814205DD58
:104D9000E879002802D1A88E002844D0A9480466EA
:104DA000A8480121C465006CC905884201DA0902DE
:104DB0004840B449FBF7AAFAB149FBF76AFA7F21E8
:104DC000C905FBF762FA0546AF48854200DA054699
:104DD0009C48A449806E0690FBF75BFA7F21C905C9
:104DE000FBF753FA2946FBF754FAA849884200DA40
:104DF0000846A749FBF74DFA0090A6490B98884250
:104E000008DDA5490698884204DDA4490098FBF70F
:104E100040FA009000F09EFF002832D08948808E32
:104E200000280ED02DE0296E20460091FBF729FACC
:104E30009949FBF72EFA0099FBF7D2F90446286648
:104E4000AEE7FEF719FD00281BD100F0C9FE0546AC
:104E500000F0C4FE854214D200F082FD904900F0BB
:104E6000C5FE05468F4800F0FDFE2946FBF7F6FA21
:104E700007D28D48854204D28C490098FBF709FA85
:104E8000009000F067FF002808D000F0CDFA00285D
:104E900004D087490098FBF7FCF90090694DA88E73
:104EA000002866D06879032863D0042861D0A879E7
:104EB000804AFA2805D0FB2803D0FC2801D0FD2821
:104EC00000D17D4A0A2800D17C4A71491046FBF77F
:104ED000E0F9014603900098FBF7C0FA01D203986D
:104EE0000090A879FD2804D1304600F0A8FB0028E6
:104EF00030D1A879FA2804D1304600F0A8FB002868
:104F000028D1A879F82825D0FC2803D0FB2801D087
:104F1000F4280CD1314600F0B0FB00281AD1A87952
:104F2000F42804D1304600F072FB002812D1A87991
:104F30000A2814D16879012804D1304600F067FBB3
:104F4000002807D16879022809D1304600F06BFBB0
:104F5000002804D05A490098FBF79BF90090A879E3
:104F6000F92801D0F82804D156490098FBF791F9A7
:104F7000009000F0EFFE002813D0032000F05EFE4A
:104F8000069000F0EDFC069900E0B1E0FBF766FA50
:104F900007D8387906280ED04B490098FBF779F9E5
:104FA00000903879032806D0042804D14749009896
:104FB000FBF76FF90090E879012804D14449009883
:104FC000FBF767F90090002E04D140490098FBF7E9
:104FD00060F900903F49E86EFBF75BF97F21C90556
:104FE000FBF7FEF80099FBF754F906463A4886426B
:104FF00000DD0646FEF76AF9002804D0374930463E
:10500000FBF747F90646696E30460F46FBF739F95C
:1050100001463348814202DC3248814200D90146D0
:105020003846FBF7DDF8074968668031019A5BE096
:105030005CE00000F4FD543D1F856B3FD7A3703F3B
:10504000EC51B83D640000203D0A573E0000084284
:10505000000008C200004041000040C148E11A4081
:1050600066665640CDCC4C3E48E17A3F3333F33F41
:10507000B81E053FAE47613E0AD7A33F9A99193E35
:105080005C8FC23E00007041CDCCCC3EEC51B83EAE
:10509000000060416666C63F295C8F3EC3F5683FED
:1050A0000AD7A33D9A99993ECDCC4CBDCDCC4C3F6F
:1050B0003D0A573FCDCC0C3F8FC2F53E1F85EB3EDE
:1050C0006666663FF6285C3F7B142E3F85EB513FBA
:1050D000EC51383FEC51383D86EB7141AE47613FB2
:1050E000295C8F3F333303C00A602146FEF798FEE8
:1050F000FEF71EF9FEF716FE05980FB0F0BD000092
:1051000070B5044600F026FE002813D00A4D012693
:105110002878002805D10948844202DB2E7003F06C
:10512000C1FB6878002805D10548844202DB6E7017
:1051300003F0B8FB70BD0000740100209A9919417A
:10514000CDCCA04170B50546FF282DD000292BD02D
:10515000042100F055FA002824D10521284600F04A
:105160004FFA00281ED100240321284600F048FAF7
:10517000002800D001240421284600F041FA00282C
:1051800000D0641C0521284600F03AFA002800D01F
:10519000641C0621284600F033FA002800D0641C65
:1051A000022C01D3012070BD002070BD70B500F04D
:1051B000D1FD084D002809D0074800F053FD0446F2
:1051C00000F0CEFB2146FBF70BF800E003486865D2
:1051D00070BD000064000020EC51383E000080BF2C
:1051E000002105480122C171017241728172C1869C
:1051F000027341737047000064000020FFB581B066
:105200001F460299019800F047F9754C0646FF20A9
:10521000616DC005C1420BD200F09CFD002807D093
:1052200000F09EFB616DFBF70FF901D2012000E059
:1052300000200090A08E618E00250843002803D036
:10524000FFF7CEFFA5739AE0FEF740F80028F7D1EC
:105250000098002800D000260120002F05D00A99D0
:10526000002904D0A573E5730AE0A57308E0A17BCB
:10527000FF2901D2491CA173C9B2022900D3E073EE
:105280000199FF2918D06573002F08D10A990029C8
:1052900005D00299002902D0052900D8E573E179EB
:1052A000002970D0012941D1002F7FD00A98002811
:1052B0007CD0E571257290E000F04CFD002810D004
:1052C00000F04EFB00F066F900280AD0A07F00280D
:1052D00007D1434820304078002802D1607E002862
:1052E00023D00098002821D1E079002801D001289E
:1052F0001CD1607BFF2801D2401C6073182600F08F
:1053000029FD002826D000F02BFB364900F06EFC6A
:105310000746354800F0A6FC3946FBF79FF807D250
:105320003248874204D21A2614E0657305B0F0BDF6
:10533000E07B00280ED02E4800F094FC3946FBF7A5
:1053400083F807D200F04CFC074600F047FC874288
:1053500000D20E26607BB042E8D30220E071082024
:10536000A072FF20A16DC005C14202D20020C0433F
:1053700000E00120E072FBF767FF20656573E573CD
:10538000D4E700E012E0002F04D00A99002901D0F0
:105390002572CBE7002EFBD0217AFF2901D2491CD0
:1053A0002172C9B20329C1D3E071BFE7002E14D125
:1053B000FF210398C905C84201D3090248400D499D
:1053C00088420ADA607AFF2801D2401C6072C0B2BB
:1053D0000528ABD3FFF704FFA8E76572A6E7000036
:1053E000640000200AD7A33D3333B33E0AD7A3BDE0
:1053F0003D0AD73E00004040002807D0FF2805D0D6
:10540000C00803D1052901D301207047002070474F
:10541000002807D0FF2805D0C00603D1052901D3F5
:105420000120704700207047F8B500F093FC002879
:105430002BD0FDF74BFF002826D1FEF71DFA0028E0
:1054400022D11348007907281ED0124800F00AFC28
:10545000064600F085FA0546042000F0EFFB0446FE
:10546000052000F0EBFB074631462046FAF709FF1E
:105470002946FAF7F3FF07D331463846FAF701FF1A
:105480002946FAF7E1FF01D80020F8BD0120F8BD58
:10549000840000200AD7A33DFF2804D0002802D0B2
:1054A000891F022901D3002070470120704700287E
:1054B00003D0FF2803D0072901D301207047002023
:1054C0007047FF2811D001060DD501090BD000212E
:1054D000420600D40121820600D4491CC00600D433
:1054E000491C032901D30120704700207047FF2881
:1054F00011D0C1070DD001070BD00021020700D445
:105500000121420700D4491C800700D4491C03290B
:1055100001D30120704700207047000010B500281B
:1055200010D00949094A0C7F094B002C04D0C97ED0
:10553000002905D11A4603E010240C57002CF9DB92
:105540000260012010BD000064000020000020C2A5
:105550000000204270B514460E00054603D00A2014
:1055600000F06CFB3060002C03D0092000F066FBDB
:105570002060002D0AD0064800F074FB0446092084
:1055800000F05CFB2146FAF77CFE286070BD00004D
:105590000AD7A33D1CB5044600F0DCFB00280FD061
:1055A000002201A96846FFF7D5FF20460099FAF7C7
:1055B00055FF06D820460199FAF746FF01D201208F
:1055C0001CBD00201CBD000010B5024600210A4B86
:1055D000084603F0D3F900280CD0FBF735FE074945
:1055E0000862064801216038417004490020803972
:1055F000C877012010BD00000000A041E400002099
:105600000822511AC840C007C017401C7047FF2825
:1056100003D0002801D0410901D000207047C00606
:10562000FCD001207047FF2803D0002801D041079B
:1056300001D000207047C008FCD00120704700282E
:1056400002D0400901D00020704701207047002897
:1056500002D0C00801D00020704701207047FF2809
:1056600007D0002805D0C143890702D000090F28C0
:1056700001D0002070470120704710B5F42804D0F5
:10568000FC2806D0FB280AD005E00846FFF7CBFF30
:1056900010BD002901D0002010BD012010BD08461A
:1056A000FFF7DDFF10BD000008B50F48426B202159
:1056B0000A434263426B0A400092416B012211434C
:1056C0004163416B11400091426B02210A434263E6
:1056D000426B0A400092426B04210A434263406BD2
:1056E0000840009008BD00000010024010B51348AB
:1056F00011490160124941600021816001614161ED
:1057000081610122C161C2600162FBF7EDFD0028E9
:1057100001D0FBF7FBFB00210848FBF79BFD0028AD
:1057200001D0FBF7F3FB00210448FBF7B8FD00288C
:1057300001D0FBF7EBFB10BD00540040B801002086
:10574000B57DB11010B5134811490160124941608F
:10575000002181600161416181610122C161C260FA
:105760000162FBF7C1FD002801D0FBF7CFFB002150
:105770000848FBF76FFD002801D0FBF7C7FB0021AD
:105780000448FBF78CFD002801D0FBF7BFFB10BDE0
:10579000005800400C020020B57DB11010B518482B
:1057A00016490160E121C902416000218160C160A8
:1057B00001618161C16101620C22416242618162C9
:1057C000FDF7A6F8002801D0FBF7A0FB00210C484C
:1057D000FCF7BDFE002801D0FBF798FB002108482C
:1057E000FCF791FE002801D0FBF790FB0448FCF782
:1057F0006AFE002801D0FBF789FB10BD003801408C
:105800006006002010B5184816490160E1214902E0
:10581000416000218160C16001618161C1610162FB
:105820000C22416242618162FDF772F8002801D0CA
:10583000FBF76CFB00210C48FCF789FE002801D027
:10584000FBF764FB00210848FCF75DFE002801D04F
:10585000FBF75CFB0448FCF736FE002801D0FBF7A1
:1058600055FB10BD00440040F406002010B50D4863
:105870000B490160E1214902416000218160C16062
:1058800001618161C16101620C22416242618162F8
:10589000FDF73EF8002801D0FBF738FB10BD0000F3
:1058A000004800408807002010B50D480B490160F2
:1058B000E1214902416000218160C1600161816193
:1058C000C16101620C22416242618162FDF720F8F0
:1058D000002801D0FBF71AFB10BD0000004C00406F
:1058E0001C08002030B585B014216846FAF76DFC1D
:1058F0000120019000200124074D640302900390D1
:10590000009469462846FBF7EBFB01222146284616
:10591000FBF794FC05B030BD00080050FEE7000026
:1059200010B503488169C068FAF7ABFC10BD0000F0
:105930004001002010B500F00DFA002805D0044801
:105940004178002901D0406A10BD002010BD000040
:10595000400100200148007870470000400100200D
:105960000148C068704700004001002010B503489E
:10597000034940684968FAF78CFC10BDFC08002018
:10598000400100200148C16881617047400100204A
:1059900005480021C1600161416141708161C161BF
:1059A0000162416270470000400100207F2300B582
:1059B000DB05064A0649002802D0012800D0002055
:1059C0004B608A600870FFF7E3FF00BDCDCCCC3E92
:1059D00040010020FEB500F0BDF900285DD02F4D3C
:1059E000286C2F4CE169884257D0607861680028A4
:1059F00068680E462ED0FAF74CFC01903146A86834
:105A0000FAF747FC009021690198FAF73AFC06463C
:105A100061690098FAF735FC0146FAF73AFC074647
:105A200031460846FAF735FC3946FAF7D9FB03F058
:105A300082F80646A168FAF707FD04D83146E06807
:105A4000FAF7CEFBE0602968206A0E46FAF71DFCE3
:105A5000144F11E0FAF71DFC20613146A868FAF7EF
:105A600018FC60612868206200206062012060707C
:105A700011E00D49FAF705FCB842FADC0B4FB842C9
:105A800003D90949FAF7ACFBF9E72662606201988D
:105A9000206100986061286CE061FEBDFC08002078
:105AA00040010020000034430000B443000034C330
:105AB000F0B50D4E3478282C07D2002805DB0029DC
:105AC00003DB182801DA182901DB0020F0BD0C25C2
:105AD000064F65437853E819418042600372641CA5
:105AE00034700120F0BD000068010020B40B0020DC
:105AF000F0B50022244C8CB011461346551E5E00B2
:105B0000214F5B1C3037A5531BB2BD53182BF6DB5E
:105B1000182836D21C4B002546009D53C3B24C00BA
:105B2000684603531948491C0078844627E053000F
:105B30006846521CC45ED2B200201EE00C23144DF5
:105B400043435E190227F75FA74214D1EB5E182B7F
:105B500011D20D4E5D00765F002E0CDA0A4E670002
:105B6000F75B7F1C7753303670534E00DDB26B46C7
:105B7000491C9D53C9B2401CC0B26045DED38A4265
:105B8000D5D30CB0F0BD0000940D002068010020BA
:105B9000B40B002010B5FF2121310C48FAF715FB9A
:105BA000FF21E1310A48FAF710FB0024E4432246C2
:105BB00030210848FAF702FB0648224630213030EF
:105BC000FAF7FCFA04490020087010BD940A00207E
:105BD000B40B0020940D0020680100200C207047B9
:105BE00001480078704700006C010020F3B5114DAA
:105BF000114F287881B00C281AD2084600F032F8EC
:105C000006462C7801E0641CE4B20C2C10D220462D
:105C100002F03CFD6968FAF717FCF4D9204602F05F
:105C200035FD3146FAF72DFB0199FAF72AFBFEBD47
:105C30003846FEBD6C010020003C1C4610B502F049
:105C400025FD10BD10B505480021017004494160D3
:105C5000FFF79EFE02F09EF910BD00006C010020CF
:105C6000000080BF10B50446FFF774FE204610BD4B
:105C7000FFB583B01D46164608460C9FFFF7F2FF9E
:105C8000194C009009E002F001FD01906168FAF7FB
:105C9000DBFB08D82078401C207020780C28F2D339
:105CA000002007B0F0BD00990198FAF7EAFA014622
:105CB0000398FAF7C9FBF3D320780C49002E03D0E0
:105CC000C200521812793270002D03D0C200511850
:105CD000C9882980002F00D038700199401C61606C
:105CE00020700120DDE700006C0100206C8E0008B0
:105CF0000246002001461346CB40DB0701D1401C81
:105D0000C0B2491CC9B20829F5D370470C480178C4
:105D10004278C90192011143827852011143C2783D
:105D2000120111430279D2001143427992001143CA
:105D30008279C079520011430143C8B27047000014
:105D40003801002010B502F079FC3220FBF7B6F9DB
:105D500010BD00000148007F704700001C090020B2
:105D600010B50C48017F00220B48002901D0C280E9
:105D700010BDC188094B994201D2491CC18089B22A
:105D80001929F5D3C28000221146104602F0F6FC14
:105D900010BD00001C09002040000020FFFF000093
:105DA000F8B5274C002060702648002580680090D8
:105DB0006846008860806E466800315A14230422C9
:105DC0002148FBF7EFFA002811D06D1C022DF3D308
:105DD0007820FBF773F91B481921F63002F000FF19
:105DE000194D010007D06B6C6288184824E06800E8
:105DF000305A6080ECE702F0B5FE010002D014A03A
:105E000001F0B2FBAF2002F0E1FE010003D020A0C0
:105E100001F0AAFBF8BD02F087F902F0F9FE0100DB
:105E200003D06B6C628822A006E00120607060885D
:105E30004022430880212CA001F096FBF8BD000011
:105E4000380000205C8D0008B8010020E08F0008B9
:105E50005B4F4C45445D205741524E20636C656159
:105E6000725F67646472616D2048414C3D25642017
:105E7000286C6F7765722068616C66206D6179208F
:105E800073686F77206E6F697365290D0A000000D3
:105E90005B4F4C45445D204641494C20646973701A
:105EA0006C61795F6F6E2048414C3D25640D0A009E
:105EB0005B4F4C45445D204641494C20666C7573F0
:105EC000682048414C3D25642061646472383D304F
:105ED0007825303258206932635F6572723D3078C0
:105EE000256C780D0A0000005B4F4C45445D204F47
:105EF0004B2025757825752061646472373D3078B4
:105F00002530325820493243315F4146360D0A0070
:105F1000FEB5344C6078002852D0FBF795F96168E3
:105F2000411AC8294CD36060FDF78EF9054602F08E
:105F3000FBF800262078042D10D0002806D0812000
:105F400002F044FECF2002F041FE26702B0001F04B
:105F500046FB0742383A3C423E404200002807D107
:105F6000812002F033FEFF2002F030FE012020707D
:105F700000F0C6F98646002084460820802501905E
:105F800000200146009000984018082816D20C46C0
:105F900000226C436346C60103E063469B18802BD6
:105FA00005D270468718F0180F4BE75D1F54521C3E
:105FB000AA42F2D30198491C8142E4D302F028FEA0
:105FC000FEBD0AA108E00BA106E00CA104E00DA1B2
:105FD00002E00EA100E010A1112002F03BFA02F055
:105FE000A1F9EBE738000020600200204C4F535429
:105FF000000000004C45465400000000524947484C
:1060000054000000474F204C45465400474F205253
:106010004947485400000000464F4C4C4F57000081
:10602000FFB5294C81B00F460A9E616C0546009170
:10603000FAF72FF9FF21C905C84201D30020A06457
:1060400039462846FAF725F9A16CFAF7C9F81F492D
:10605000A064884202DC1E49884200D9A164284617
:106060000099FAF70EF907467F203146C005FAF786
:1060700008F93946FAF70DF907463046E16CFAF7A8
:1060800008F93946FAF7ACF865640646E064114948
:106090000498FAF7FEF83146FAF7FBF806460E497F
:1060A000A06CFAF7F6F804460C490398FAF7F1F8F1
:1060B0002946FAF7EEF82146FAF792F83146FAF750
:1060C0008FF805B0F0BD0000640000200000984289
:1060D000000098C233336340ED0D3E3BC3F5283FCB
:1060E000F8B50446222971D3607BE27B217B000650
:1060F0000014120608431714A17B627C0F43217C15
:10610000120616140E43FAF74BF93149FAF7FEF866
:10611000304D28603846FAF743F92D49FAF7F6F87A
:106120002D4F3946FAF7B5F8E8603046FAF738F9F6
:106130002749FAF7EBF83946FAF7ABF82861207DE2
:10614000617D000409060843E17CA27C0902114339
:106150000843217EA27D0E04617E09060E43E17D87
:10616000090211430E43AE616861FAF719F91B4F3A
:106170003946FAF7CBF868603046FAF711F9394634
:10618000FAF7C4F8A860207F617F0004090608437D
:10619000E17EA27E09021143084368632046203055
:1061A00001784078090400060143E07FA27F0002E5
:1061B00010430143A9632846012120300177FBF7F2
:1061C00043F8286406488169491C8161F8BD0000D4
:1061D0000000C842FC0800203D0AD73E0004BA4631
:1061E0004000002070470000F8B5254C617800257C
:1061F000002942D02349A2788854521CD0B2A07002
:10620000012807D0022809D00E2806D3887806284E
:1062100008D032E00878AA282FD1F8BD4878552850
:106220002BD1F8BDC878A22827D1002210460B5CDC
:10623000401C9A18C0B2D2B20C28F8D3087B904206
:106240001BD1C8798A79000210434A7A097A16026A
:106250000E43FAF7B0F80C49FAF71BF807466060EE
:1062600030B2FAF79DF80849FAF713F80121A06057
:1062700021700146384600F023F8A570F8BD0000F3
:1062800078010020F40D00200AD7233CF8B50A4C11
:106290000A4F2178607888420CD0C100C91960C9C2
:1062A0001821401CF9F724FF61703146284602F09E
:1062B00063F9EEE7F8BD00009C0100202C0E0020E1
:1062C000F3B50D4C81B0267807461821701CF9F7FC
:1062D0000FFF60780D46814205D160781821401C7F
:1062E000F9F706FF61700549F0000F504018029A57
:1062F00042602570FEBD00009C0100202C0E002095
:1063000000487047EC0E002010B5054800210170D0
:106310004170012189020348F9F757FF10BD0000C1
:106320009C010020EC0E00200148406870470000EE
:10633000840100200148407870470000840100205B
:10634000014880687047000084010020014880787F
:106350007047000084010020014800787047000069
:106360008401002010B50548002101704170817042
:1063700041608160FFF7C8FF10BD0000840100206C
:1063800005480178002905D1417081704160816024
:10639000012101707047000084010020F8B57E4C97
:1063A000207800282AD07D4B7D4A012827D07D4FB8
:1063B00002282DD07C4E002503283BD004284AD04B
:1063C00005287ED006286FD007286ED008286DD00B
:1063D00009286CD00A286BD00B280FD1A1686068FF
:1063E000FAF73CF80AD8FAF72FFF2169401A7D2105
:1063F000C900884202D3FAF727FF2061F8BD0021C7
:10640000084602F0BBFAFAF71FFFE060022020E026
:10641000E068FAF75BFB032561E0FAF715FFE0603F
:10642000B8E0FAF711FFE168401AB842E6D3FAF78C
:1064300041FBF2E7FAF708FFE168411AFF20F53067
:106440008142DBD301203070E570FAF7FDFE606118
:1064500004202070F8BDFAF7F7FE61690527411A9C
:106460007D208001814201D3E17815E04F48017819
:106470000029EFD005704E4801684800000E18D082
:10648000E0780A28E6D283004A4A401CC0B2D150C4
:10649000E0700A28DED30A21464802F023F8606043
:1064A00035702770F8BD0CE015E01BE02AE05AE0DB
:1064B00062E06078401CC0B260700A28F2D33E48A7
:1064C000EDE700213D4A084602F058FAFAF7BCFE13
:1064D000E0600620BDE7E068FAF7F8FA0725002833
:1064E0009FD09AE7FAF7B0FEE168411AFF20F53035
:1064F0008142D7D301203070E570FAF7A5FE6061C4
:106500000820A6E7FAF7A0FE61690927411A7D2055
:106510008001814201D3E17815E024480178002907
:10652000C0D00570224801684800000E0FD0E07806
:106530000A28B7D283001F4A401CC0B2D150E07075
:106540000A28AFD30A211B4801F0CCFF06E0A0784F
:10655000401CC0B2A0700A28A4D31748A0603570B0
:1065600001F0FEFF9DE70021084602F007FAFAF766
:106570006BFEE0600A206CE7E068FAF7A7FA0B25EB
:10658000002807D1FAF760FEE168401AB84289D3C3
:10659000FAF790FA257085E7840100200000A041F9
:1065A000000034C2E02E00007901002078010020B4
:1065B0007C010020040E00208FC2F53D0000B44293
:1065C0007047704730B593B038216846F9F7FDFD44
:1065D000002501200E950F95109540021195FBF7AF
:1065E00039FA0224E001039000944020059008202D
:1065F0000A9080030B90079400020C90089400010D
:1066000004950D9009956846FBF75CFC002801D0C5
:1066100072B6FEE707200EA931C102210EA811951E
:10662000FBF72EFB002801D072B6FEE713B030BD99
:10663000704710B50120FCF715FD10BD10B50248DC
:10664000FBF790FE10BD0000B0080020F0B5026816
:10665000204B0124A407204D984203D0A04201D032
:10666000A84203D17026B2434E6832431B4E1C4FE2
:1066700098420DD0A0420BD0A84209D0194CA0429C
:1066800006D0B04204D0B84202D0174CA04204D188
:1066900003242402A243CC6822438024A2434C69F1
:1066A00022438C68C4620C688462984206D0B0426F
:1066B00004D0B84202D00C4B984201D10969016361
:1066C000016804231943016001214161BFF34F8F29
:1066D0000260F0BD002C0140000400400040014079
:1066E000004401400020004000480140F7B582B05E
:1066F00015460E46084600F041F90190304600F07C
:1067000059F8009004213046FEF77AFF244F002804
:1067100007D005213046FEF773FF002801D03C4624
:1067200000E0204C012D00D10024FCF7CFFD002813
:1067300004D01D492046F9F753FD0446BC4200DD54
:106740003C4621460198F9F7A4FD07467F202146E3
:10675000C005F9F796FD0299F9F79BFD3946F9F75F
:106760003FFD124C0746002D18D0072D16D2002EE3
:1067700014D0062D00D30E4C00982146F9F789FD60
:1067800005467F202146C005F9F77BFD3946F9F71C
:1067900080FD2946F9F724FD05B0F0BD0024EBE7A4
:1067A0006666663F52B81E3FCDCCCC3DEC51B83E3C
:1067B00084C04A3EF8B5002607463546FF2823D058
:1067C00000240720011B3846C840C00708D12046D6
:1067D000F9F7F1FD3146F9F703FD6D1C0646EDB200
:1067E000641CE4B2082CECD3002D0DD02846F9F738
:1067F000E2FD01463046F9F789FD0449F9F745FD08
:106800000349F9F746FDF8BD0020F8BD00006040DF
:106810000000A04010B504464448DF2C41D022DCE3
:106820007F2C42D010DC072C49D006DC002C7AD01B
:10683000012C78D0032C59D175E00F2C3DD01F2CA2
:1068400039D03F2C52D134E0C02C6CD006DC802CE7
:1068500069D09F2C2BD0BF2C48D124E0C72C62D00C
:10686000CF2C43D110BDF82C3AD010DCEF2CF9D04E
:1068700006DCE02C38D0E32C55D0E72C36D152E0A2
:10688000F02C2FD0F32C1ED0F72C2FD119E020465E
:10689000F938030000F0A3FE07192A1B221D1F4729
:1068A0002A00234810BD234810BD234810BD2348AB
:1068B00010BD234810BD234810BD234810BD2348F8
:1068C00010BD234810BD234810BD234810BD2348E8
:1068D00010BD234810BDC120000610BD214810BDC9
:1068E000214810BD214810BD214810BD2046FFF7AA
:1068F000FFF9012817D100210720431A2246DA4068
:10690000D20704D0491CC9B20829F6D30BE048B21B
:10691000002808DBF9F744FD1649F9F7B6FC1649DB
:10692000F9F7B7FC10BD002010BD00006666864078
:10693000333373400000C040333313419A99B94058
:106940000000F0400000184100004041000070418C
:10695000666686C06666A6C06666C6C0000080C061
:106960000000C0C00000F0C0000018C1000040C11D
:10697000000070C1000060400000A040F8B507466C
:106980000321FEF73DFE054604213846FEF738FE9A
:10699000064605213846FEF733FE044606213846F2
:1069A000FEF72EFE002E0DD0002C0FD0002D03D0B0
:1069B00000280DD10748F8BD002809D0002D07D1C7
:1069C0000548F8BD002C03D00448F8BD0448F8BDC4
:1069D0000020F8BDD7A3F03FD7A3F0BF9A9981C09C
:1069E0009A998140F8B50446416E4034002915D08B
:1069F00000688168806809014D0F0A4E400F3746D4
:106A0000315C083F385CC000F9F772FB6085785D47
:106A1000715DC000F9F76CFB2085F8BD0120608531
:106A2000FAE70000028F000810B5018D090707D5AD
:106A300001684A680123DB039A43836B1A434A6067
:106A4000018DC90707D001684A6801235B049A4396
:106A5000C36A1A434A60018D890707D501684A68ED
:106A600001231B049A43036B1A434A60018D4907B3
:106A700007D501684A6801239B049A43436B1A4374
:106A80004A60018DC90607D50268916801231B037E
:106A90009943C36B19439160018D890607D501683D
:106AA0008A6801235B039A43036C1A438A60018D51
:106AB000490612D503685A6801210905446C8A43C6
:106AC00022435A60426C8A4207D10268516803230C
:106AD0005B059943836C19435160018D090607D505
:106AE00001684A680123DB04C06C9A4302434A6090
:106AF00010BD0000FEB505460026803504462E6117
:106B0000FAF7A2FB01902068006820270007002800
:106B100017DA25480090002239042046019B00F036
:106B2000B3FC00280DD0EFF31080012181F3108811
:106B300021680A6880239A430A6080F31088AF6056
:106B400028E020680068400727D5174800900121F9
:106B5000002289052046019B00F096FC00281CD0ED
:106B6000EFF31080012181F3108821680A68FF2368
:106B700021339A430A6080F31088EFF310800121DB
:106B800081F3108821688A68520852008A6080F375
:106B90001088EF602E710320FEBDAF60EF60E666E7
:106BA00026672E710020FEBDFFFFFF0110B5806A31
:106BB000FBF7F2FC10BD000010B5EFF310810122CD
:106BC00082F3108802681368FF242134A343136002
:106BD00081F31088EFF31081012282F3108802689C
:106BE00093680D4C2340936081F31088C16E012996
:106BF0000BD1EFF31081012282F310880268136831
:106C00001024A343136081F3108820228C210A50A2
:106C10000021C166416710BDFEFFFFEF70B5014660
:106C20004031034680330C8CDD680268222D04D08D
:106C3000906908210843906170BD526A856D2240B9
:106C40002A80826D921C8265CA8B521ECA83CA8BAF
:106C5000002AF1D1EFF31082012484F31088046834
:106C60002568FF262136B543256082F31088EFF3AF
:106C70001082012484F310880468A5686D086D00F3
:106C8000A56082F310882022DA600023436703673F
:106C9000174A046894420ED0626812020BD5EFF3D3
:106CA0001082012585F3108825680126B606B543B4
:106CB000256082F31088C26E012A02D0FBF75CFFC8
:106CC00070BDC366EFF31082012383F3108804685C
:106CD000256810239D43256082F310880268D469DB
:106CE000E443E40600D41362898BFBF70AFC70BD11
:106CF00000800040F0B506460446403689B0308C2E
:106D000001902068C7690168069181682546803531
:106D10000491E968222905D0816908221143816123
:106D200009B0F0BD308D05903DE02068406A019AC1
:106D3000A16D10400880A06D801CA065F08B401EE6
:106D4000F0832068C769790729D0F90707D0069929
:106D5000C90504D501210162286908432861B807E3
:106D600009D50498C00706D0216802200862286966
:106D7000042108432861780709D50498C00706D084
:106D800021680420086228690221084328612869D3
:106D9000002804D02046FBF7FFFB00202861F08B81
:106DA000002826D00598002801D0B806BDD4F08B65
:106DB0000028B5D0318D8142B2D9EFF31080012186
:106DC00081F3108821688A6801231B079A438A602F
:106DD00080F310882F486067EFF31080012181F362
:106DE000108821680A6820231A430A6080F31088FB
:106DF00096E7EFF31080012181F3108821680A687B
:106E0000FF2301339A430A6080F31088EFF3108068
:106E1000012181F3108821688A681F4B1A408A601B
:106E200080F310882020E8600021616721671B48FB
:106E3000226882420ED0506800020BD5EFF310801A
:106E4000012383F3108813680125AD06AB4313605B
:106E500080F31088E06E012803D02046FBF78CFEFB
:106E6000A5E7E166EFF31080012181F31088226825
:106E7000136810218B43136080F310882068C26967
:106E8000D243D20600D40162B18B2046FBF739FB16
:106E90008DE700001D6C0008FEFFFFEF0080004042
:106EA00070B501464031034680330C8CDD680268C2
:106EB000222D04D0906908210843906170BD526A68
:106EC0002240846D2270826D521C8265CA8B521ED4
:106ED000CA83CA8B002AF1D1EFF31082012484F314
:106EE000108804682568FF262136B543256082F3A3
:106EF0001088EFF31082012484F310880468A568D9
:106F00006D086D00A56082F310882022DA600023EE
:106F100043670367174A046894420ED062681202FE
:106F20000BD5EFF31082012585F310882568012623
:106F3000B606B543256082F31088C26E012A02D0DE
:106F4000FBF71AFE70BDC366EFF31082012383F3D3
:106F500010880468256810239D43256082F31088FB
:106F60000268D469E443E40600D41362898BFBF71A
:106F7000C8FA70BD00800040F0B5064604464036B1
:106F800089B0308C01902068C769016806918168DA
:106F9000254680350491E968222905D081690822B7
:106FA0001143816109B0F0BD308D05903DE020684E
:106FB000406A01990840A16D0870A06D401CA06551
:106FC000F08B401EF0832068C769790729D0F90744
:106FD00007D00699C90504D5012101622869084333
:106FE0002861B80709D50498C00706D02168022097
:106FF00008622869042108432861780709D50498A4
:10700000C00706D0216804200862286902210843CD
:1070100028612869002804D02046FBF7BDFA00202B
:107020002861F08B002826D00598002801D0B806EA
:10703000BDD4F08B0028B5D0318D8142B2D9EFF3A9
:107040001080012181F3108821688A6801231B07C1
:107050009A438A6080F310882F486067EFF31080AE
:10706000012181F3108821680A6820231A430A60ED
:1070700080F3108896E7EFF31080012181F31088E8
:1070800021680A68FF2301339A430A6080F310885D
:10709000EFF31080012181F3108821688A681F4B6B
:1070A0001A408A6080F310882020E8600021616720
:1070B00021671B48226882420ED0506800020BD51F
:1070C000EFF31080012383F3108813680125AD06C8
:1070D000AB43136080F31088E06E012803D0204694
:1070E000FBF74AFDA5E7E166EFF31080012181F38C
:1070F00010882268136810218B43136080F3108876
:107100002068C269D243D20600D40162B18B204606
:10711000FBF7F7F98DE70000A16E0008FEFFFFEF17
:1071200000800040F8B50446016880682269E5697E
:107130001043626900262A4310437C4B0A687C4D49
:107140002A4002430A6020684168032212039143E7
:10715000E268114341602168A069994201D0226A26
:1071600010438A68734D2A4002438A602068C16ACE
:10717000626A090909011143C1626F4922686F48B7
:107180008A420AD140698007800F2CD001283DD067
:10719000022828D0032825D122E069498A420AD151
:1071A00040690C2108401ED004281CD008282BD090
:1071B0000C2817D114E063498A4223D062498A42DD
:1071C00020D09A420ED1416903208002014019D09B
:1071D00001208002091A19D0091A15D0814201D163
:1071E000082000E0102001255849594FED039A422C
:1071F0003FD100280CD002280DD004280DD008283B
:1072000036D10EE00020EEE70220ECE70420EAE7AA
:10721000FAF7FEFD03E00D4603E0FAF70DFE050068
:107220007AD0606A4000395A28460091F8F760FF2A
:10723000676879007918814269D83903814266D339
:10724000002328461946009AF8F768FF020E090243
:107250000302780811431818002251413A460023CE
:10726000F8F75CFF032109023A4A411A914251D9C9
:107270004DE0E269AA4228D1002806D0022807D0B2
:10728000042807D0082842D108E0FAF7C1FD03E03E
:107290000D4603E0FAF7D0FD05003DD0606A4000DE
:1072A000395A2846F8F724FF616840004A088018D8
:1072B000F8F71EFF0146284A1039914227D8511C81
:1072C00001400007400F084324E0002806D00228B0
:1072D00007D0042807D0082819D108E0FAF798FD4C
:1072E00003E00D4603E0FAF7A7FD050014D0606A3D
:1072F0004000395A2846F8F7FBFE61684A088018B2
:10730000F8F7F6FE0146144A1039914201D90126D8
:1073100002E080B22168C8602046012140304185EA
:10732000018500206067A0673046F8BD00800040FE
:10733000F369FFCFFFF4FF11003801404010024015
:107340000044004000480040004C00400024F4008D
:10735000E28E0008FFFC0F00EFFF0000F0B5816532
:10736000014640318A83CA8300254567012483682A
:107370002403FF26A34204D10369002B13D13D4B04
:107380000AE07F27002B09D001263607B3420CD133
:107390000369002B05D03F230B8407E00369002B12
:1073A00001D00F8402E00E8400E00D840346803398
:1073B0001D612225DD60EFF31083012585F3108820
:1073C0000568AE6801273E43AE6083F31088436EC4
:1073D0007D07AB4229D1098D914226D88168A1420F
:1073E00002D1016900291DD02349416701690029A3
:1073F0000CD0EFF31081012282F310880268136829
:10740000FF2401342343136081F31088EFF31081CC
:10741000012282F310880068826801231B071A4347
:10742000826023E015494167F0E78168A14202D1FB
:10743000016900290ED012494167016900290BD06A
:10744000EFF31081012282F3108800680268FF23A5
:10745000213309E00B494167EFF31081012282F3E8
:1074600010880068026820231A43026081F31088A4
:107470000020F0BDFF010000796F0008F56C0008E6
:10748000A16E00081D6C0008FFB581B005460E46D0
:10749000044680350A9F32E0781C30D0F9F7D4FEDC
:1074A0000499401AB84218D8002F16D020680168F5
:1074B000490724D5802E22D0402E20D0C169C9434F
:1074C00009070CD4082606622046FFF775FB2E61DB
:1074D00000202871012005B0F0BD0320FBE7C06942
:1074E000C04300050BD401202168C0020862204679
:1074F000FFF762FB2020286100202871EDE720685B
:10750000C1693046884305D0002103988142C3D029
:107510000020E0E70121F8E710B50248FBF776F814
:1075200010BD00006006002010B50248FBF76EF8A1
:1075300010BD0000F406002010B50348FBF766F804
:107540000248FBF763F810BD880700201C080020E4
:107550000148806870470000400000200148007822
:1075600070470000400000200FB410B503A9044B81
:10757000044A029800F032F910BC08BC04B0184765
:1075800029820008B00100200FB410B504A9074BF0
:1075900002AA039800F022F9044602A9002000F094
:1075A000BBFC204610BC08BC04B01847197F00087B
:1075B0002021020C01D010211046020A01D01046F1
:1075C0000839020901D01046091F820801D010466F
:1075D000891E420801D0881E7047081A704730B4CF
:1075E0007446641E2578641CAB4200D21D46635D60
:1075F0005B00E31830BC18478307FF22DB0E9A407C
:107600008907090E9940002808DB830809489B0078
:107610001B18186890430843186070470007000F54
:107620000838830804489B001B18D8699043084316
:10763000D861704700E400E000ED00E002E008C817
:10764000121F08C1002AFAD170477047002001E0DC
:1076500001C1121F002AFBD17047000001490860D8
:1076600070470000B4010020F0B51FB486B009983F
:10767000089A030D0021024314D05148514A1818AA
:10768000504305141198012810981AD0281A401C4C
:1076900000264D4F4D49009601910490002812DAC2
:1076A000444211E01198012449A3012801D1109806
:1076B000C1430698119A84600360C26041600BB0B8
:1076C000F0BD4042E4E70446210500203F4A001C8B
:1076D00051410391029012E0E00707D032463B4649
:1076E00001990098F9F706F80191009032463B465F
:1076F00010461946F8F7FEFF06460F466410002CA8
:10770000EAD10498039B0028029A0999089806DA9E
:10771000F8F7F0FF019B009AF8F7ECFF05E0F9F7A6
:1077200051F8019B009AF9F74DF804460E460022E5
:10773000284BF9F7DFF803D80020C043014607E0E3
:107740000022254B20463146F8F720FFF9F7B2F822
:10775000102409E0002C0ADB0A220023F8F7DEFCE3
:10776000079B30321A55641E02460A43F2D1112299
:10777000641C079B121B1C19119B012B03D00123B6
:1077800008430ED10AE0084304D0112010900020D5
:10779000119077E71098151A6D1E0BE01098824231
:1077A00002DD00236D1C03E0824201DA00236D1E1E
:1077B000002BEED0069811998260C16030C07EE740
:1077C00001FCFFFF104D0000000014400000F03FDE
:1077D000300000000000F0430000E03FFFB597B02C
:1077E000064600251BE2252876D100242746F749C6
:1077F000049400E00443761C32780120203A904043
:107800000842F7D130782A280ED00222307801467B
:107810003039092916D804990A23594330394018B8
:107820001443761C0490F1E7189802C8049118904C
:10783000002904DA01204003044348420490022056
:107840000443761C30782E2814D104200443707829
:10785000761C2A2809D11898761C80C8189009E04F
:107860000A214F43303FC719761C30780146303922
:107870000929F5D930786C2810D006DC4C281AD0AC
:1078800068280ED06A2817D104E0742813D07A280B
:1078900012D110E00120400504430CE0012109054C
:1078A00001E0032109050C437178814203D10120D5
:1078B00000052418761C761C307866280BD013DC63
:1078C00058287DD009DC00287BD04528F6D04628F2
:1078D000F4D047281AD1A9E118E0632835D06428EC
:1078E00070D0652812D1A1E170286CD008DC67281F
:1078F000F1D069287DD06E280DD06F2806D1BCE06C
:1079000073282ED0752873D0782859D01A9A1999CF
:1079100090476D1C82E16002400F022809D00328C5
:107920000DD00428189801680DD00D60001D189026
:1079300074E11898EA1701680D604A60F6E7189834
:1079400001680D80F2E70D70F0E718986A4601783B
:107950001172001D18900020507202A800900120A2
:1079600005E0189802C8189000200091C0436107F4
:107970000ED5002101E00199491C0191B94213DAA9
:107980008142F8DB019A0099895C0029F3D10BE070
:10799000002101E00199491C01918142FADB019A21
:1079A0000099895C0029F5D1019904981A9B471A1E
:1079B00021463846199A00F099FA4019019903E0D6
:1079C00051E030E115E050E0451807E000980099DB
:1079D0000078491C00911A9A199990470198401E05
:1079E0000190401CF2D1214638461A9B199A12E1A7
:1079F00037E00A200021009001916002410F022926
:107A000007D0189A01CA1892C2179446032908D0C1
:107A10000AE01898C01DC108C90005C9189194460C
:107A200007E000B2C2179446042902D140B2C11740
:107A30008C4600226146944506DA0A4600214042FF
:107A400091418C462D2102E0210504D52B216A4667
:107A50001173012103E0E10701D02021F7E7029132
:107A600056E00A200AE0102008E0102000900021D3
:107A7000042004430191082703E00820002101911C
:107A800000906002410F022907D0189A01CA18928B
:107A900000229446032908D008E01898C01DC108A8
:107AA000C90005C91891944603E080B2042900D1A9
:107AB000C0B20021029121072AD531780D91702999
:107AC00006D0009A1021019B4A401A4305D00EE0CF
:107AD00040216A461173012108E06146014306D046
:107AE00030216A4611730D99517302210291009A57
:107AF0000821019B4A401A430AD16146014301D142
:107B0000610705D530216A46117301217F1E02915C
:107B10003178582904D02EA10E910DA90D910DE0B8
:107B200030A1F9E76146019B009AF8F7F7FA0E9B3E
:107B30008C469B5C0D9A521E0D9213706146014358
:107B4000F0D10D9805A9081A20300190600703D5DF
:107B500001200004844300E001270198874201DDF1
:107B6000381A00E000200199009041180298091885
:107B70000498401A0490E00306D421461A9B199AEF
:107B8000049800F0B3F94519002706E003A81A9AF3
:107B9000C05D199990476D1C7F1C02988742F5DBE8
:107BA000E0030CD521461A9B199A049800F09EF91F
:107BB000451904E01A9A3020199990476D1C0099D4
:107BC000481E00900029F5DC1FE000000928010094
:107BD0003031323334353637383961626364656643
:107BE0000000000030313233343536373839414205
:107BF00043444546000000000D980D990078491C4B
:107C00000D911A9A199990476D1C0199481E01907F
:107C10000029F1DC4DE100F059F94519761C307866
:107C2000002800D0DFE528461BB0F0BD600700D477
:107C300006271898C01DC108C90048680A6808319D
:107C4000C30FDB071891190001D09CA108E02105A2
:107C500001D59BA104E0E10701D09AA100E09AA11F
:107C60004300109130785B0865280CD006DC45286D
:107C700009D046281DD0472841D141E0662818D0B8
:107C800067283CD13CE00021112F01DB112000E0EE
:107C9000781C0191009008A911A8FFF7E5FC139941
:107CA00005910021119A15927F1C1298019700915D
:107CB00050E00120C00703900120019008A900971F
:107CC00011A8FFF7D1FC139A149905920022119B79
:107CD000009212981593059A0192002901D010463E
:107CE00002E0791C40180190381A01D5019804E08F
:107CF0004042401E0090781C0190C01B029043E05F
:107D0000012F00DA01270021112F01DD112000E0F1
:107D100038460191009008A911A8FFF7A5FC139916
:107D20000591119A0021129815920091019721074F
:107D30000CD40599B94201DB019900E001910129B8
:107D400004DD159A491E515C302906D0B84201DA8B
:107D5000011D05DA0121029115E00199491EEDE7A7
:107D6000002805DC0099411800910199091A03E0E7
:107D7000019A411C914200DD01910099401A401C7A
:107D800002900120C0070390200706D402990198B1
:107D9000814202DB0020C043029000206946C87780
:107DA00007AF012103980337C907884224D0022076
:107DB00011902B201290039800280CDA4042039077
:107DC0002D20129007E00A210398F8F791F930313D
:107DD0007F1E039039701199481E11900029F2DC22
:107DE00003980028EFD1791E12980870307820216E
:107DF00008404530BF1E387006A8C01BC01D039048
:107E000010980078002800D00120019941180298AC
:107E1000C0170918039809180498401A401E0490C6
:107E2000E00306D421461A9B199A049800F05EF8E4
:107E3000451910980078002803D01A9A199990478C
:107E40006D1CE00324D521461A9B199A049800F072
:107E50004DF845191CE00098002807DB00990598AB
:107E6000884203DD1598405C199901E0199930208A
:107E70001A9A904700986D1C401C00900298401E72
:107E80000290002804D11A9A2E20199990476D1C4F
:107E90000199481E01900029DDDC05E038781A9A26
:107EA0007F1C199990476D1C0399481E0390002967
:107EB000F4DC21461A9B199A0498ACE62D000000C8
:107EC0002B0000002000000000000000F8B5044670
:107ED00000251E461746880404D405E039462020B4
:107EE000B0476D1C641EF9D52846F8BDFFB50446A1
:107EF000002581B01E46C80301D5302700E02027A9
:107F0000880404D505E038460399B0476D1C641E0B
:107F1000F9D5284605B0F0BD0A68531C0B601070F7
:107F2000704738B500236C462380C91DCBB20021B1
:107F300007E06D46445C2D8864196D46491C2C8011
:107F4000C9B29942F5D36B4619788154521CD1B20B
:107F50005A784254491CC8B238BD01090A220007A8
:107F60005143000F0818C0B2704710B5DF244454C5
:107F7000491CC9B201244454491CC9B29724445431
:107F8000491CC9B24254491CC9B24354491CC8B225
:107F900010BD000070B5FDF7FDFD0E4D0024E000A2
:107FA000401900790300FFF71AFB030703050700D8
:107FB000032302E0012300E000230022611C20468D
:107FC000FDF776FD641CE4B20C2CE8D30C20FDF721
:107FD0008FFD70BD6C8E0008F8B506463CA0037896
:107FE0003EA70021404A8C0012591478A3420AD1BE
:107FF00044785578AC4206D184789278944202D184
:10800000491CCCB204E0491CC9B20C29EAD30124B2
:10801000747101794279202958D030390A235943A3
:1080200030395118C9B231710091C1797D23DB001B
:108030003039827A59435218017A64235943407A7D
:108040000A235843081829491018401885B264219A
:108050002846F8F74DF8B17138780A223038797827
:10806000504330380818B070F878397930385043B8
:10807000303808187070B879F97930385043303892
:1080800008183070009F032C03D20C346D1EE4B22C
:10809000ADB2601C410040180521F8F729F86100D5
:1080A000C91940184019A908441864212846F8F74E
:1080B0001FF8241AFF2191312846F8F719F82018E3
:1080C0000721F8F715F8491CF170F8BD0021A5E764
:1080D0004D617920323620323032360031373A3233
:1080E000343A3235000000000400002030EBFFFF7E
:1080F00010B50A21F7F7FCFF00010843C0B210BD1C
:1081000010B50446074806490068F7F7F1FF6043D9
:108110000521F7F7EDFF00E000BF401EFCD210BDC7
:1081200040420F00AC01002010B501218902024835
:10813000F8F74BF810BD00006002002070B5082869
:108140000BD20023054DC401C818802802D2D65C8A
:1081500020182E545B1C062BF6D370BD6002002045
:10816000F7B583B000210598405C02900020012201
:10817000029B82401A4227D0039B4A00D2189446A1
:10818000049B00244200D21896460023724612191E
:108190006546ED18802D11D2402A0FD25607760F72
:1081A000D7080196FE0175190B4E0095775D019E6B
:1081B0000125B5402F43084E009D77555B1C022BCF
:1081C000E6D3641C022CE0D3401C0728CFD3491C03
:1081D0000529C8D306B0F0BD6002002070B50C467A
:1081E0000546F8F79BFB000F022806D06000FF2130
:1081F0004008C905081AC00F01D0284670BD2046A6
:1082000070BD70B50C460546F8F788FB000F0828CE
:1082100006D06000FF214008C905081AC00F01D030
:10822000284670BD204670BD70470000F9F78AFBF4
:10823000FEF7C8F9FDF738FAFDF754FB00240120DA
:10824000FAF710FF5A20F8F739FF0020FAF70AFF73
:108250005A20F8F733FF641CE4B2032CEFD3FDF788
:108260009DFAFDF7CFFAFDF741FAFDF76BFAFDF73E
:10827000FDFAFDF719FB012226492748FAF74AFCC7
:1082800024490122491C2548FAF744FC21490122CE
:10829000891C2348FAF73EFCF8F72CFE7D200001EC
:1082A000F8F70CFFF8F7FEFD3220F8F707FF002281
:1082B0001146104600F062FA6420F8F7FFFEFEF760
:1082C000B8F9FDF73FFDF8F761FC6420F8F7F6FE1A
:1082D000002101220846FAF799FE3220F8F7EEFE57
:1082E0000120FDF763FBFBF7A3FDFDF759FD7D20A2
:1082F0008001F8F7E3FEFBF7FDFDFDF7C7FFF8F798
:10830000D2FDF8F7F5FD0220F8F7D8FEFDF700FEE4
:10831000F1E700000000002060060020F4060020C5
:108320001C08002030B58DB001A8F8F7F5FB002837
:108330001CD026A103A8FFF727F9FDF711FBF8F7DA
:108340006EF802460B4624A107A8FFF71DF900218D
:1083500003AA084600F0ADF8FAF7E4FF00281ED0A3
:10836000FAF76CFF00281CDD4C201FE068460079FE
:108370003C21F7F7BDFE0D46684640793C21F7F7F2
:10838000B7FE0C46684680791821F7F7B1FE0A4619
:10839000234614A103A80095FFF7F6F8CDE73F2088
:1083A00004E0FAF74BFF0028F9DA522000F022F837
:1083B00072210246002802D00020FFF7BFFE07AA64
:1083C0000021042000F075F80DB030BD2D2D3A2DA0
:1083D0002D3A2D2D000000005041544820252E320A
:1083E000664D0000253032753A253032753A253019
:1083F0003275000001466139192901D82038C0B210
:1084000001463039092906D8062148431049401849
:10841000FF382138704701464139192907D806210C
:1084200048430B493C314018FF38873870473A2899
:1084300005D02D2806D02E2807D0002070470448EC
:10844000123870470248801F704701480C38704747
:108450007A8D0008F8B5054600200A4603E0202B77
:1084600008D00C30521C1378002BF8D1802803D38D
:10847000002404E00830F5E78022101A44080E4674
:108480000FE0202811D0FFF7B5FF020008D02746E3
:108490000C37802F08D829462046FFF761FE3C465E
:1084A000761C30780028ECD1F8BD0834802CF7D346
:1084B000F8BD70B514460D4606460DE020280FD0D5
:1084C000FFF798FF020004D029463046FFF736FE3A
:1084D000AD1D802D03D2641C20780028EED170BD24
:1084E0002D1DF8E7F0B585B00D00044603D0002738
:1084F000681E03901EE0194805B0F0BD0026E81B79
:10850000401E029012E0B0000119009101904968EC
:108510002058F7F7A3FF07D2019823580098416825
:1085200001982150009843600298761CB042EADC22
:1085300003987F1C8742E1DB6808E9078000002977
:1085400001D02058D8E7215800198038C06FF7F7BC
:1085500047FE0021C943F7F717FFCDE70000204091
:108560000448826841684260816041788278427044
:108570008170704784010020FEB5264C0646002518
:10858000E80100197F22411CF7F7F8FD6D1C082D4A
:10859000F6D30020012100900190C90530468E429B
:1085A00028DB1D49884201DB002008E0F7F7AEFE1A
:1085B0007F21C905F7F769FE1849F7F76AFE3F21E1
:1085C0000906F7F70DFEF7F716FF402800D33F2006
:1085D00007216B46C943421809D4402A07D2D5085F
:1085E0005207520F5E5D012797403E435E55491C7E
:1085F0000829F0DD00206F467F263D5C0021C20186
:10860000731AD318491CE5540529F9D3401C0828CE
:10861000F3D3FEBDEC0E00200000204000007C42A1
:108620000EB5642301920293009102460123D021EA
:108630000148F8F7D5FF0EBD0C02002000B585B04B
:108640000021802304226846FFF78FFC022269463E
:108650000A54401CC0B201220A54401CC0B20A2273
:108660000A54401CC0B2FD220A54401CC2B26846E3
:108670004179FFF756FC0246642369460248FAF73F
:10868000B7FA05B000BD00006006002010B50C2848
:1086900001D3002010BD0349C0000C58FDF75AF962
:1086A000204610BD6C8E0008F0B514460246FF202F
:1086B000C005C4428BB00E46204602D30121C90733
:1086C00048404100090E53D02A4DA84250DC0027F3
:1086D00029461046F7F7DDFDF7F774FE6B46188064
:1086E00029463046F7F7D5FDF7F76CFE6B469880C4
:1086F00029462046F7F7CDFDF7F764FE6B4618854F
:1087000063230222394602A8FFF72FFC062202A9A2
:108710000A54401C6B46C0B21A780A54401CC0B2BE
:108720005A780A54401CC0B21A790A54401C5A792B
:10873000C0B20A54401C08ABC0B21A7A0A54401C9A
:108740005A7AC0B20A54401CC0B2FD220A54401CDE
:10875000C2B26B46597B02A8FFF7E3FB01466322D6
:108760000220019200900123034A02A800F05CF865
:108770000BB0F0BD0000C84247090020F0B5284DFD
:108780000F4689B0164600242946F7F782FDF7F711
:1087900019FE6B46988229463846F7F77AFDF7F7B7
:1087A00011FE6B46188329463046F7F772FDF7F73E
:1087B00009FE6B4698836723022221466846FFF72D
:1087C000D4FB694606220A54401CC0B20A7D0A54F2
:1087D000401CC0B24A7D0A54401CC0B20A7E0A54F2
:1087E000401CC0B24A7E0A540B46401CC0B21A7FDD
:1087F0000A54401CC0B25A7F0A54401CC0B2FD2229
:108800000A54401CC2B259791846FFF78AFB024647
:10881000052369460348FAF7EBF909B0F0BD0000FB
:108820000000C84260060020F8B51C4C1F461646E2
:108830006578069B079A6D1C65706578002D01D1DF
:1088400001256570A370E270002535700A46014667
:1088500064231348FAF7CCF9002803D0A570E5701B
:108860000020F8BDFF20F530FFF74AFC30780028E3
:1088700007D03570A570E570C820FFF741FC0120D6
:10888000F8BD3946304600F01FFA0600A570E570C5
:1088900002D0C820FFF734FC3046F8BD400000206D
:1088A00060060020F0B5C1B0F8F7CEFC7D21C9000C
:1088B000F7F71EFC3C21F7F71BFC04460D4608A801
:1088C000F8F72AF9002812D0164B17A1DA1E0AA8C9
:1088D00001950094FEF758FE411EDB2905D282B2B5
:1088E00050230AA91748FAF783F941B0F0BD08A947
:1088F000887949797D278C4608A90E798B784A7842
:108900003F010978C01905AF049232C7039361464D
:108910006F4643C7034B0CA1DA1E0AA8FEF734FECC
:10892000DAE70000CF8E00084C4F52417C25737C63
:1089300025737C434C4B2D2D7C522B25756D257555
:10894000730D0A00880700204C4F52417C25737C30
:1089500025737C25752D253032752D2530327554C3
:10896000253032753A253032753A253032757C52D1
:108970002B25756D2575730D0A000000FFB589B0B4
:1089800017460C9800F092F9002878D0404C607897
:10899000401C60706078002801D1012060700220C6
:1089A000A0706620E0703B480025C5703A4E0998DB
:1089B0003146F7F76EFCF7F705FD69460883314647
:1089C0000A98F7F766FCF7F7FDFC69468883334998
:1089D0003846F7F75EFCF7F7F5FC059031460C9842
:1089E000F7F757FCF7F7EEFC694608846623022286
:1089F00029466846FFF7B9FA0A216A461154401C15
:108A0000C0B2117E1154401CC0B2517E1154401CA2
:108A1000C0B2117F1154401CC0B2517F1154401C90
:108A2000C0B2117D1154401CC0B2517D1154401C84
:108A3000C0B2917D1154401CC0B2D17D1154401C74
:108A400008A9C0B209781154401C08A9C0B24978DD
:108A50001154401CC0B2FD211154401CC2B26946E1
:108A600049796846FFF75DFA0246642369460C4877
:108A7000FAF7BEF8002804D0A570E57000200DB00C
:108A8000F0BDFF20F530FFF73BFB0120F7E70000CA
:108A900040000020400900200000C84200401C4661
:108AA000600600201CB5044600783C21F7F720FB47
:108AB0000846FFF71DFB01466846017060783C21BF
:108AC000F7F716FB0846FFF713FB014668464170AF
:108AD000A0781821F7F70CFB0846FFF709FB0146C1
:108AE00068468170E078411E062900D90120FFF711
:108AF000FFFA6946C8702079411E1E2900D901205D
:108B0000FFF7F6FA694608716079411E0B2900D912
:108B10000120FFF7EDFA69464871A0796421F7F763
:108B2000E7FA0846FFF7E4FA694688710722002051
:108B300000F006F91CBD70B50546F7F7FBFC4100D7
:108B40000446FF204908C005411AC90F07D0690033
:108B50004908401AC00F02D10120FEF77FFD2046D0
:108B600070BD0000F0B5A3B001A880210130F7F777
:108B70002CFB4020694608710221134800F030F8B0
:108B800000281ED1002402262546B027684621462B
:108B900005703943417086701021C170042100F0C6
:108BA00075F800280DD1812101A800F06FF8002888
:108BB00007D1641C082CE9D303480221801C00F073
:108BC0000FF823B0F0BD00005C8D000808B500224E
:108BD00069460A7048700221684600F057F808BDDF
:108BE00010B58CB00C0001D02F2C02D901200CB094
:108BF00010BD00216A461170014600A822460130CE
:108C0000F7F7BCFA641CA1B2684600F03FF8EEE743
:108C1000F0B5A3B02E20FFF7D9FF02211948FFF7C6
:108C2000DFFF00282BD1022500242F09264610370C
:108C300068460670B0202146014368464170857041
:108C4000C770042100F022F8002818D1402069469E
:108C500008710D49E001411801A880220130F7F7A1
:108C60008DFA812101A800F011F8002807D1641CB9
:108C7000082CDDD303480221801CFFF7B1FF23B08D
:108C8000F0BD0000608D00086002002008B5C82219
:108C90000092024603480B4641880348F8F704FC5B
:108CA00008BD000038000020B801002004498842B7
:108CB00004D80449884201DC012070470020704735
:108CC0000000C8C20000C842FEB50D4606461B4F54
:108CD000F8F7BAFA044601900020009020E03078BE
:108CE000002808D0002D02D00120FAF7BBF900209F
:108CF00030700120FEBD002D0FD0F8F7A5FA0199C4
:108D0000401A642809D30098002815D0002000904C
:108D1000FAF7A8F9F8F798FA01900120F8F7CEF9D8
:108D2000F8F792FA001BB842D9D3002D02D00120E7
:108D3000FAF798F90020FEBD0120E8E710270000AF
:108D40000EB5642301920293009102460123D021C3
:108D50000148F8F7EFFC0EBD0C02002020022000B5
:108D60002002200078007A00003636000000000063
:108D7000000060000808080808003E5149453E0010
:108D800000427F4000004261514946002141454B6D
:108D900031001814127F10002745454539003C4A20
:108DA0004949300001710905030036494949360037
:108DB000064949291E007E0909097E007F49494963
:108DC00036003E41414122007F4141413E007F4902
:108DD000494941007F09090901003E4149493B00D9
:108DE0007F0808087F0000417F4100002040415F6C
:108DF00020007F08142241007F40404040007F0255
:108E000004027F007F0204087F003E4141413E0092
:108E10007F09090906003E4151215E007F09192999
:108E2000460066494959330000017F0100003F4078
:108E300040403F001F2040201F003F4038403F007F
:108E40006314081463000304780403007149454364
:108E50004100AE2ED580A83FD300408D142000A144
:108E6000C8DA1281CFD9F1DB40A4A600000040404F
:108E7000040000009A99E940040000009A99194101
:108E8000040000009A992141040000003333674137
:108E900004000000713D6A4104000000CDCC744123
:108EA000040000009A998141040000003333854199
:108EB0000600000033339341040000003D0A99414D
:108EC00004000000CDCCA04105000000303100E7D7
:108ED00094B5E5AD90E7A791E5A4A7E5ADA6E79425
:108EE0009F00010002000400060008000A000C00B8
:108EF0001000200040008000000101010103070173
:108F00000000080402040801010100000000000044
:108F10000000000000000000000000000000000051
:108F20000000000000000000000000000100000040
:108F30000200000003000000040000000600000022
:108F40000700000008000000090000000000000009
:108F50000000000000000000000000000100000010
:108F60000200000003000000040000005B445333D3
:108F70003233315D2074696D652073657420746FC0
:108F8000206275696C642074696D653A2032302501
:108F90003032752D253032752D2530327520253033
:108FA00032753A253032753A253032750D0A000097
:108FB0004665620044656300417567004A756C0050
:108FC0004A616E004A756E00536570004D61720013
:108FD000417072004F6374004E6F76004D617900EE
:108FE0005B4F4C45445D204641494C2068775F69A2
:108FF0006E69742048414C3D256420616464723878
:109000003D307825303258206932635F6572723D99
:109010003078256C7820284E41434B2F7769726950
:109020006E67205042362053434C20504237205325
:1090300044412F5643432F524553290D0A00000047
:109040006090000800000020B80100005C0A0008E1
:10905000A8900008B8010020381500004C760008E0
:109060004113C08F1B08B0041ACC041AD0041ADCB8
:10907000041AC4041ABC041AB8041AC8041AD40482
:109080001AD8041AB40461022D78440303FF2B019B
:1090900001050145038A80BF0754803FCDCCCC3EFB
:0890A000320182049324F40064
:04000005080000BD32
:00000001FF
